Patient ID	Sample ID	Cancer Study	Cancer Type	Mutation Count	Fraction Genome Altered	Age	Sex	Ethnicity
CPT000814	CPT000814	brca_cptac_2020		82				Black or African American
CPT001846	CPT001846	brca_cptac_2020		72				White
TCGA-A1-A0SB	TCGA-A1-A0SB-01	brca_tcga_pub	Breast Cancer		0.0008	70.0	Female	
TCGA-A1-A0SD	TCGA-A1-A0SD-01	brca_tcga_pub	Breast Cancer	34	0.2474	59.0	Female	
TCGA-A1-A0SE	TCGA-A1-A0SE-01	brca_tcga_pub	Breast Cancer	15	0.2134	56.0	Female	
TCGA-A1-A0SF	TCGA-A1-A0SF-01	brca_tcga_pub	Breast Cancer		0.2015	54.0	Female	
TCGA-A1-A0SG	TCGA-A1-A0SG-01	brca_tcga_pub	Breast Cancer		0.0969	61.0	Female	
TCGA-A1-A0SH	TCGA-A1-A0SH-01	brca_tcga_pub	Breast Cancer	76	0.1789	39.0	Female	
TCGA-A1-A0SI	TCGA-A1-A0SI-01	brca_tcga_pub	Breast Cancer		0.3313	52.0	Female	
TCGA-A1-A0SJ	TCGA-A1-A0SJ-01	brca_tcga_pub	Breast Cancer	31	0.4600	39.0	Female	
TCGA-A1-A0SK	TCGA-A1-A0SK-01	brca_tcga_pub	Breast Cancer	49	0.4163	54.0	Female	
TCGA-A1-A0SM	TCGA-A1-A0SM-01	brca_tcga_pub	Breast Cancer	24	0.1807	77.0	Male	
TCGA-A1-A0SN	TCGA-A1-A0SN-01	brca_tcga_pub	Breast Cancer		0.5518	50.0	Female	
TCGA-A1-A0SO	TCGA-A1-A0SO-01	brca_tcga_pub	Breast Cancer	164	0.7700	67.0	Female	
TCGA-A1-A0SP	TCGA-A1-A0SP-01	brca_tcga_pub	Breast Cancer		0.3918	40.0	Female	
TCGA-A1-A0SQ	TCGA-A1-A0SQ-01	brca_tcga_pub	Breast Cancer		0.1094	45.0	Female	
TCGA-A2-A04N	TCGA-A2-A04N-01	brca_tcga_pub	Breast Cancer	38	0.0862	66.0	Female	
TCGA-A2-A04P	TCGA-A2-A04P-01	brca_tcga_pub	Breast Cancer	102	0.6407	36.0	Female	
TCGA-A2-A04Q	TCGA-A2-A04Q-01	brca_tcga_pub	Breast Cancer	11	0.0853	48.0	Female	
TCGA-A2-A04R	TCGA-A2-A04R-01	brca_tcga_pub	Breast Cancer	68	0.2643	36.0	Female	
TCGA-A2-A04T	TCGA-A2-A04T-01	brca_tcga_pub	Breast Cancer		0.6936	62.0	Female	
TCGA-A2-A04U	TCGA-A2-A04U-01	brca_tcga_pub	Breast Cancer	43	0.6677	47.0	Female	
TCGA-A2-A04V	TCGA-A2-A04V-01	brca_tcga_pub	Breast Cancer	28	0.1132	39.0	Female	
TCGA-A2-A04W	TCGA-A2-A04W-01	brca_tcga_pub	Breast Cancer	85	0.1065	50.0	Female	
TCGA-A2-A04X	TCGA-A2-A04X-01	brca_tcga_pub	Breast Cancer	25	0.2434	34.0	Female	
TCGA-A2-A04Y	TCGA-A2-A04Y-01	brca_tcga_pub	Breast Cancer	38	0.1470	53.0	Female	
TCGA-A2-A0CL	TCGA-A2-A0CL-01	brca_tcga_pub	Breast Cancer	18	0.0591	37.0	Female	
TCGA-A2-A0CM	TCGA-A2-A0CM-01	brca_tcga_pub	Breast Cancer	38	0.3928	40.0	Female	
TCGA-A2-A0CP	TCGA-A2-A0CP-01	brca_tcga_pub	Breast Cancer	37	0.0870	60.0	Female	
TCGA-A2-A0CQ	TCGA-A2-A0CQ-01	brca_tcga_pub	Breast Cancer	25	0.1198	62.0	Female	
TCGA-A2-A0CS	TCGA-A2-A0CS-01	brca_tcga_pub	Breast Cancer	33	0.1967	73.0	Female	
TCGA-A2-A0CT	TCGA-A2-A0CT-01	brca_tcga_pub	Breast Cancer	55	0.7056	71.0	Female	
TCGA-A2-A0CU	TCGA-A2-A0CU-01	brca_tcga_pub	Breast Cancer	33	0.4388	73.0	Female	
TCGA-A2-A0CV	TCGA-A2-A0CV-01	brca_tcga_pub	Breast Cancer	25	0.6142	41.0	Female	
TCGA-A2-A0CW	TCGA-A2-A0CW-01	brca_tcga_pub	Breast Cancer	54	0.3083	67.0	Female	
TCGA-A2-A0CX	TCGA-A2-A0CX-01	brca_tcga_pub	Breast Cancer	156	0.3591	52.0	Female	
TCGA-A2-A0CY	TCGA-A2-A0CY-01	brca_tcga_pub	Breast Cancer			63.0	Female	
TCGA-A2-A0CZ	TCGA-A2-A0CZ-01	brca_tcga_pub	Breast Cancer	10		46.0	Female	
TCGA-A2-A0D0	TCGA-A2-A0D0-01	brca_tcga_pub	Breast Cancer	58	0.7061	60.0	Female	
TCGA-A2-A0D1	TCGA-A2-A0D1-01	brca_tcga_pub	Breast Cancer	34	0.2609	76.0	Female	
TCGA-A2-A0D2	TCGA-A2-A0D2-01	brca_tcga_pub	Breast Cancer	69	0.5025	45.0	Female	
TCGA-A2-A0D3	TCGA-A2-A0D3-01	brca_tcga_pub	Breast Cancer	22	0.1108	42.0	Female	
TCGA-A2-A0D4	TCGA-A2-A0D4-01	brca_tcga_pub	Breast Cancer	21	0.3856	37.0	Female	
TCGA-A2-A0EM	TCGA-A2-A0EM-01	brca_tcga_pub	Breast Cancer	25	0.1025	73.0	Female	
TCGA-A2-A0EN	TCGA-A2-A0EN-01	brca_tcga_pub	Breast Cancer	23	0.2206	70.0	Female	
TCGA-A2-A0EO	TCGA-A2-A0EO-01	brca_tcga_pub	Breast Cancer	23	0.2512	54.0	Female	
TCGA-A2-A0EQ	TCGA-A2-A0EQ-01	brca_tcga_pub	Breast Cancer	68	0.2545	64.0	Female	
TCGA-A2-A0ER	TCGA-A2-A0ER-01	brca_tcga_pub	Breast Cancer	19	0.0756	63.0	Female	
TCGA-A2-A0ES	TCGA-A2-A0ES-01	brca_tcga_pub	Breast Cancer	6	0.0056	52.0	Female	
TCGA-A2-A0ET	TCGA-A2-A0ET-01	brca_tcga_pub	Breast Cancer	25	0.5078	58.0	Female	
TCGA-A2-A0EU	TCGA-A2-A0EU-01	brca_tcga_pub	Breast Cancer	32	0.5175	79.0	Female	
TCGA-A2-A0EV	TCGA-A2-A0EV-01	brca_tcga_pub	Breast Cancer	48	0.2086	80.0	Female	
TCGA-A2-A0EW	TCGA-A2-A0EW-01	brca_tcga_pub	Breast Cancer	14	0.0724	53.0	Female	
TCGA-A2-A0EX	TCGA-A2-A0EX-01	brca_tcga_pub	Breast Cancer	20	0.1003	46.0	Female	
TCGA-A2-A0EY	TCGA-A2-A0EY-01	brca_tcga_pub	Breast Cancer	141	0.6388	62.0	Female	
TCGA-A2-A0ST	TCGA-A2-A0ST-01	brca_tcga_pub	Breast Cancer	10	0.0109	62.0	Female	
TCGA-A2-A0SU	TCGA-A2-A0SU-01	brca_tcga_pub	Breast Cancer	23	0.1178	66.0	Female	
TCGA-A2-A0SV	TCGA-A2-A0SV-01	brca_tcga_pub	Breast Cancer	29	0.3799	63.0	Female	
TCGA-A2-A0SW	TCGA-A2-A0SW-01	brca_tcga_pub	Breast Cancer	47	0.4298	82.0	Female	
TCGA-A2-A0SX	TCGA-A2-A0SX-01	brca_tcga_pub	Breast Cancer	22	0.3822	48.0	Female	
TCGA-A2-A0SY	TCGA-A2-A0SY-01	brca_tcga_pub	Breast Cancer	102	0.1043	62.0	Female	
TCGA-A2-A0T0	TCGA-A2-A0T0-01	brca_tcga_pub	Breast Cancer	160	0.4533	59.0	Female	
TCGA-A2-A0T1	TCGA-A2-A0T1-01	brca_tcga_pub	Breast Cancer	10	0.1868	55.0	Female	
TCGA-A2-A0T2	TCGA-A2-A0T2-01	brca_tcga_pub	Breast Cancer	23	0.9463	66.0	Female	
TCGA-A2-A0T3	TCGA-A2-A0T3-01	brca_tcga_pub	Breast Cancer	28	0.5528	37.0	Female	
TCGA-A2-A0T4	TCGA-A2-A0T4-01	brca_tcga_pub	Breast Cancer	24	0.2209	62.0	Female	
TCGA-A2-A0T5	TCGA-A2-A0T5-01	brca_tcga_pub	Breast Cancer		0.1153	39.0	Female	
TCGA-A2-A0T6	TCGA-A2-A0T6-01	brca_tcga_pub	Breast Cancer	46	0.1161	50.0	Female	
TCGA-A2-A0T7	TCGA-A2-A0T7-01	brca_tcga_pub	Breast Cancer	16	0.3425	51.0	Female	
TCGA-A2-A0YC	TCGA-A2-A0YC-01	brca_tcga_pub	Breast Cancer	18	0.1110	59.0	Female	
TCGA-A2-A0YD	TCGA-A2-A0YD-01	brca_tcga_pub	Breast Cancer	45	0.0935	63.0	Female	
TCGA-A2-A0YE	TCGA-A2-A0YE-01	brca_tcga_pub	Breast Cancer		0.7810	48.0	Female	
TCGA-A2-A0YF	TCGA-A2-A0YF-01	brca_tcga_pub	Breast Cancer	28	0.1229	67.0	Female	
TCGA-A2-A0YG	TCGA-A2-A0YG-01	brca_tcga_pub	Breast Cancer	50	0.3672	63.0	Female	
TCGA-A2-A0YH	TCGA-A2-A0YH-01	brca_tcga_pub	Breast Cancer	47	0.3154	53.0	Female	
TCGA-A2-A0YI	TCGA-A2-A0YI-01	brca_tcga_pub	Breast Cancer	10	0.1891	62.0	Female	
TCGA-A2-A0YJ	TCGA-A2-A0YJ-01	brca_tcga_pub	Breast Cancer	66	0.5313	39.0	Female	
TCGA-A2-A0YK	TCGA-A2-A0YK-01	brca_tcga_pub	Breast Cancer	147	0.1055	61.0	Female	
TCGA-A2-A0YL	TCGA-A2-A0YL-01	brca_tcga_pub	Breast Cancer	14	0.1036	48.0	Female	
TCGA-A2-A0YM	TCGA-A2-A0YM-01	brca_tcga_pub	Breast Cancer	57	0.4340	67.0	Female	
TCGA-A2-A0YT	TCGA-A2-A0YT-01	brca_tcga_pub	Breast Cancer		0.5755	56.0	Female	
TCGA-A2-A1FV	TCGA-A2-A1FV-01	brca_tcga_pub	Breast Cancer		0.3999	74.0	Female	
TCGA-A2-A1FW	TCGA-A2-A1FW-01	brca_tcga_pub	Breast Cancer		0.6055	62.0	Female	
TCGA-A2-A1FX	TCGA-A2-A1FX-01	brca_tcga_pub	Breast Cancer		0.4239	61.0	Female	
TCGA-A2-A1FZ	TCGA-A2-A1FZ-01	brca_tcga_pub	Breast Cancer		0.1009	63.0	Female	
TCGA-A2-A1G0	TCGA-A2-A1G0-01	brca_tcga_pub	Breast Cancer		0.1485	49.0	Female	
TCGA-A2-A1G1	TCGA-A2-A1G1-01	brca_tcga_pub	Breast Cancer		0.1756	85.0	Female	
TCGA-A2-A1G4	TCGA-A2-A1G4-01	brca_tcga_pub	Breast Cancer		0.1531	71.0	Female	
TCGA-A2-A1G6	TCGA-A2-A1G6-01	brca_tcga_pub	Breast Cancer		0.0001	50.0	Female	
TCGA-A2-A259	TCGA-A2-A259-01	brca_tcga_pub	Breast Cancer		0.1071	70.0	Female	
TCGA-A2-A25A	TCGA-A2-A25A-01	brca_tcga_pub	Breast Cancer		0.1189	44.0	Female	
TCGA-A2-A25B	TCGA-A2-A25B-01	brca_tcga_pub	Breast Cancer		0.4302	39.0	Female	
TCGA-A2-A25C	TCGA-A2-A25C-01	brca_tcga_pub	Breast Cancer		0.3264	50.0	Female	
TCGA-A2-A25D	TCGA-A2-A25D-01	brca_tcga_pub	Breast Cancer		0.2363	90.0	Female	
TCGA-A2-A25E	TCGA-A2-A25E-01	brca_tcga_pub	Breast Cancer		0.3373	34.0	Female	
TCGA-A2-A25F	TCGA-A2-A25F-01	brca_tcga_pub	Breast Cancer		0.0021	66.0	Female	
TCGA-A7-A0CD	TCGA-A7-A0CD-01	brca_tcga_pub	Breast Cancer	20	0.5843	66.0	Female	
TCGA-A7-A0CE	TCGA-A7-A0CE-01	brca_tcga_pub	Breast Cancer	77	0.4998	57.0	Female	
TCGA-A7-A0CG	TCGA-A7-A0CG-01	brca_tcga_pub	Breast Cancer	23	0.1221	78.0	Female	
TCGA-A7-A0CH	TCGA-A7-A0CH-01	brca_tcga_pub	Breast Cancer	21	0.0627	79.0	Female	
TCGA-A7-A0CJ	TCGA-A7-A0CJ-01	brca_tcga_pub	Breast Cancer	37	0.5648	57.0	Female	
TCGA-A7-A0D9	TCGA-A7-A0D9-01	brca_tcga_pub	Breast Cancer	17	0.1867	37.0	Female	
TCGA-A7-A0DA	TCGA-A7-A0DA-01	brca_tcga_pub	Breast Cancer	123	0.7563	62.0	Female	
TCGA-A7-A0DB	TCGA-A7-A0DB-01	brca_tcga_pub	Breast Cancer	21	0.3296	56.0	Female	
TCGA-A7-A0DC	TCGA-A7-A0DC-01	brca_tcga_pub	Breast Cancer			63.0	Female	
TCGA-A7-A13D	TCGA-A7-A13D-01	brca_tcga_pub	Breast Cancer	82	0.7824	46.0	Female	
TCGA-A7-A13E	TCGA-A7-A13E-01	brca_tcga_pub	Breast Cancer		0.6513	62.0	Female	
TCGA-A7-A13F	TCGA-A7-A13F-01	brca_tcga_pub	Breast Cancer	32	0.2607	44.0	Female	
TCGA-A7-A13G	TCGA-A7-A13G-01	brca_tcga_pub	Breast Cancer		0.1150	79.0	Female	
TCGA-A7-A26E	TCGA-A7-A26E-01	brca_tcga_pub	Breast Cancer		0.1074	71.0	Female	
TCGA-A7-A26F	TCGA-A7-A26F-01	brca_tcga_pub	Breast Cancer		0.3177	55.0	Female	
TCGA-A7-A26G	TCGA-A7-A26G-01	brca_tcga_pub	Breast Cancer		0.2490	50.0	Female	
TCGA-A7-A26H	TCGA-A7-A26H-01	brca_tcga_pub	Breast Cancer		0.2219	72.0	Female	
TCGA-A7-A26I	TCGA-A7-A26I-01	brca_tcga_pub	Breast Cancer		0.6589	65.0	Female	
TCGA-A7-A26J	TCGA-A7-A26J-01	brca_tcga_pub	Breast Cancer		0.3921	49.0	Female	
TCGA-A8-A06N	TCGA-A8-A06N-01	brca_tcga_pub	Breast Cancer	28	0.5584	66.0	Female	
TCGA-A8-A06O	TCGA-A8-A06O-01	brca_tcga_pub	Breast Cancer	53	0.3914	60.0	Female	
TCGA-A8-A06P	TCGA-A8-A06P-01	brca_tcga_pub	Breast Cancer	22	0.0945	63.0	Female	
TCGA-A8-A06Q	TCGA-A8-A06Q-01	brca_tcga_pub	Breast Cancer	168	0.6549	63.0	Female	
TCGA-A8-A06R	TCGA-A8-A06R-01	brca_tcga_pub	Breast Cancer	55	0.5927	69.0	Female	
TCGA-A8-A06T	TCGA-A8-A06T-01	brca_tcga_pub	Breast Cancer	26	0.7708	75.0	Female	
TCGA-A8-A06U	TCGA-A8-A06U-01	brca_tcga_pub	Breast Cancer	45	0.6192	80.0	Female	
TCGA-A8-A06X	TCGA-A8-A06X-01	brca_tcga_pub	Breast Cancer	139	0.6033	77.0	Female	
TCGA-A8-A06Y	TCGA-A8-A06Y-01	brca_tcga_pub	Breast Cancer	22	0.3042	66.0	Female	
TCGA-A8-A06Z	TCGA-A8-A06Z-01	brca_tcga_pub	Breast Cancer	44	0.7074	84.0	Female	
TCGA-A8-A075	TCGA-A8-A075-01	brca_tcga_pub	Breast Cancer	52	0.5033	42.0	Female	
TCGA-A8-A076	TCGA-A8-A076-01	brca_tcga_pub	Breast Cancer	47	0.5527	66.0	Female	
TCGA-A8-A079	TCGA-A8-A079-01	brca_tcga_pub	Breast Cancer	30	0.3639	69.0	Female	
TCGA-A8-A07B	TCGA-A8-A07B-01	brca_tcga_pub	Breast Cancer	44	0.3844	69.0	Female	
TCGA-A8-A07C	TCGA-A8-A07C-01	brca_tcga_pub	Breast Cancer	118		57.0	Female	
TCGA-A8-A07E	TCGA-A8-A07E-01	brca_tcga_pub	Breast Cancer	60	0.2136	81.0	Female	
TCGA-A8-A07F	TCGA-A8-A07F-01	brca_tcga_pub	Breast Cancer	24	0.6103	65.0	Female	
TCGA-A8-A07G	TCGA-A8-A07G-01	brca_tcga_pub	Breast Cancer	39	0.2875	65.0	Female	
TCGA-A8-A07I	TCGA-A8-A07I-01	brca_tcga_pub	Breast Cancer	35	0.2446	69.0	Female	
TCGA-A8-A07J	TCGA-A8-A07J-01	brca_tcga_pub	Breast Cancer	19	0.1612	35.0	Female	
TCGA-A8-A07L	TCGA-A8-A07L-01	brca_tcga_pub	Breast Cancer	77	0.4588	58.0	Female	
TCGA-A8-A07O	TCGA-A8-A07O-01	brca_tcga_pub	Breast Cancer	35	0.3136	51.0	Female	
TCGA-A8-A07P	TCGA-A8-A07P-01	brca_tcga_pub	Breast Cancer	41	0.2830	68.0	Female	
TCGA-A8-A07R	TCGA-A8-A07R-01	brca_tcga_pub	Breast Cancer	172	0.7041	80.0	Female	
TCGA-A8-A07S	TCGA-A8-A07S-01	brca_tcga_pub	Breast Cancer		0.1065	73.0	Female	
TCGA-A8-A07U	TCGA-A8-A07U-01	brca_tcga_pub	Breast Cancer	18	0.0901	66.0	Female	
TCGA-A8-A07W	TCGA-A8-A07W-01	brca_tcga_pub	Breast Cancer	70	0.4787	76.0	Female	
TCGA-A8-A07Z	TCGA-A8-A07Z-01	brca_tcga_pub	Breast Cancer	18	0.8203	85.0	Female	
TCGA-A8-A081	TCGA-A8-A081-01	brca_tcga_pub	Breast Cancer	72	0.6450	80.0	Female	
TCGA-A8-A082	TCGA-A8-A082-01	brca_tcga_pub	Breast Cancer	21	0.1231	58.0	Female	
TCGA-A8-A083	TCGA-A8-A083-01	brca_tcga_pub	Breast Cancer	28	0.1819	67.0	Female	
TCGA-A8-A084	TCGA-A8-A084-01	brca_tcga_pub	Breast Cancer	55	0.4237	81.0	Female	
TCGA-A8-A085	TCGA-A8-A085-01	brca_tcga_pub	Breast Cancer	55	0.2398	44.0	Male	
TCGA-A8-A086	TCGA-A8-A086-01	brca_tcga_pub	Breast Cancer	14	0.2758	59.0	Female	
TCGA-A8-A08A	TCGA-A8-A08A-01	brca_tcga_pub	Breast Cancer	21	0.0864	89.0	Female	
TCGA-A8-A08B	TCGA-A8-A08B-01	brca_tcga_pub	Breast Cancer	21	0.3997	52.0	Female	
TCGA-A8-A08C	TCGA-A8-A08C-01	brca_tcga_pub	Breast Cancer	3	0.6502	65.0	Female	
TCGA-A8-A08F	TCGA-A8-A08F-01	brca_tcga_pub	Breast Cancer	93	0.6614	59.0	Female	
TCGA-A8-A08G	TCGA-A8-A08G-01	brca_tcga_pub	Breast Cancer	28	0.5338	41.0	Female	
TCGA-A8-A08H	TCGA-A8-A08H-01	brca_tcga_pub	Breast Cancer	26	0.0000	66.0	Female	
TCGA-A8-A08I	TCGA-A8-A08I-01	brca_tcga_pub	Breast Cancer	33	0.6372	53.0	Female	
TCGA-A8-A08J	TCGA-A8-A08J-01	brca_tcga_pub	Breast Cancer	24	0.4491	52.0	Female	
TCGA-A8-A08L	TCGA-A8-A08L-01	brca_tcga_pub	Breast Cancer	164	0.5383	89.0	Female	
TCGA-A8-A08O	TCGA-A8-A08O-01	brca_tcga_pub	Breast Cancer	29	0.6432	45.0	Female	
TCGA-A8-A08P	TCGA-A8-A08P-01	brca_tcga_pub	Breast Cancer	35	0.5434	70.0	Female	
TCGA-A8-A08R	TCGA-A8-A08R-01	brca_tcga_pub	Breast Cancer	129	0.5152	52.0	Female	
TCGA-A8-A08S	TCGA-A8-A08S-01	brca_tcga_pub	Breast Cancer		0.4019	71.0	Female	
TCGA-A8-A08T	TCGA-A8-A08T-01	brca_tcga_pub	Breast Cancer	36	0.2105	64.0	Female	
TCGA-A8-A08X	TCGA-A8-A08X-01	brca_tcga_pub	Breast Cancer	16	0.3454	43.0	Female	
TCGA-A8-A08Z	TCGA-A8-A08Z-01	brca_tcga_pub	Breast Cancer	24	0.1054	76.0	Female	
TCGA-A8-A090	TCGA-A8-A090-01	brca_tcga_pub	Breast Cancer	26	0.2863	74.0	Female	
TCGA-A8-A091	TCGA-A8-A091-01	brca_tcga_pub	Breast Cancer	15	0.3068	61.0	Female	
TCGA-A8-A092	TCGA-A8-A092-01	brca_tcga_pub	Breast Cancer	62	0.5728	48.0	Female	
TCGA-A8-A093	TCGA-A8-A093-01	brca_tcga_pub	Breast Cancer	80	0.4219	61.0	Female	
TCGA-A8-A094	TCGA-A8-A094-01	brca_tcga_pub	Breast Cancer	147	0.4871	75.0	Female	
TCGA-A8-A095	TCGA-A8-A095-01	brca_tcga_pub	Breast Cancer	83	0.0741	45.0	Female	
TCGA-A8-A096	TCGA-A8-A096-01	brca_tcga_pub	Breast Cancer	29	0.0683	73.0	Female	
TCGA-A8-A097	TCGA-A8-A097-01	brca_tcga_pub	Breast Cancer	68	0.3867	65.0	Female	
TCGA-A8-A099	TCGA-A8-A099-01	brca_tcga_pub	Breast Cancer	24	0.1923	76.0	Female	
TCGA-A8-A09A	TCGA-A8-A09A-01	brca_tcga_pub	Breast Cancer	83	0.4260	40.0	Female	
TCGA-A8-A09B	TCGA-A8-A09B-01	brca_tcga_pub	Breast Cancer	28	0.5104	58.0	Female	
TCGA-A8-A09C	TCGA-A8-A09C-01	brca_tcga_pub	Breast Cancer	20	0.4981	69.0	Female	
TCGA-A8-A09D	TCGA-A8-A09D-01	brca_tcga_pub	Breast Cancer	24	0.2338	47.0	Female	
TCGA-A8-A09E	TCGA-A8-A09E-01	brca_tcga_pub	Breast Cancer		0.5448	73.0	Female	
TCGA-A8-A09G	TCGA-A8-A09G-01	brca_tcga_pub	Breast Cancer	189	0.2213	79.0	Female	
TCGA-A8-A09I	TCGA-A8-A09I-01	brca_tcga_pub	Breast Cancer	101	0.3571	84.0	Female	
TCGA-A8-A09K	TCGA-A8-A09K-01	brca_tcga_pub	Breast Cancer		0.5029	68.0	Female	
TCGA-A8-A09M	TCGA-A8-A09M-01	brca_tcga_pub	Breast Cancer	79	0.4565	75.0	Female	
TCGA-A8-A09N	TCGA-A8-A09N-01	brca_tcga_pub	Breast Cancer	52	0.6977	57.0	Female	
TCGA-A8-A09Q	TCGA-A8-A09Q-01	brca_tcga_pub	Breast Cancer	86	0.5959	83.0	Female	
TCGA-A8-A09R	TCGA-A8-A09R-01	brca_tcga_pub	Breast Cancer	39	0.4749	82.0	Female	
TCGA-A8-A09T	TCGA-A8-A09T-01	brca_tcga_pub	Breast Cancer	20	0.0930	68.0	Female	
TCGA-A8-A09V	TCGA-A8-A09V-01	brca_tcga_pub	Breast Cancer	19	0.0703	51.0	Female	
TCGA-A8-A09W	TCGA-A8-A09W-01	brca_tcga_pub	Breast Cancer	68	0.3816	70.0	Female	
TCGA-A8-A09X	TCGA-A8-A09X-01	brca_tcga_pub	Breast Cancer	36	0.1791	62.0	Female	
TCGA-A8-A09Z	TCGA-A8-A09Z-01	brca_tcga_pub	Breast Cancer		0.1205	83.0	Female	
TCGA-A8-A0A1	TCGA-A8-A0A1-01	brca_tcga_pub	Breast Cancer	29	0.1170	84.0	Female	
TCGA-A8-A0A2	TCGA-A8-A0A2-01	brca_tcga_pub	Breast Cancer	19	0.3321	66.0	Female	
TCGA-A8-A0A4	TCGA-A8-A0A4-01	brca_tcga_pub	Breast Cancer	14	0.2609	73.0	Female	
TCGA-A8-A0A6	TCGA-A8-A0A6-01	brca_tcga_pub	Breast Cancer		0.1429	64.0	Female	
TCGA-A8-A0A7	TCGA-A8-A0A7-01	brca_tcga_pub	Breast Cancer	63	0.0491	57.0	Female	
TCGA-A8-A0A9	TCGA-A8-A0A9-01	brca_tcga_pub	Breast Cancer	41	0.4832	80.0	Female	
TCGA-A8-A0AB	TCGA-A8-A0AB-01	brca_tcga_pub	Breast Cancer	18	0.2947	54.0	Female	
TCGA-A8-A0AD	TCGA-A8-A0AD-01	brca_tcga_pub	Breast Cancer	21	0.1633	83.0	Female	
TCGA-AC-A23C	TCGA-AC-A23C-01	brca_tcga_pub	Breast Cancer		0.1676	62.0	Female	
TCGA-AC-A23E	TCGA-AC-A23E-01	brca_tcga_pub	Breast Cancer		0.1121	50.0	Female	
TCGA-AC-A23H	TCGA-AC-A23H-01	brca_tcga_pub	Breast Cancer		0.2724	90.0	Female	
TCGA-AC-A2B8	TCGA-AC-A2B8-01	brca_tcga_pub	Breast Cancer		0.1088			
TCGA-AC-A2FB	TCGA-AC-A2FB-01	brca_tcga_pub	Breast Cancer		0.0024			
TCGA-AC-A2FF	TCGA-AC-A2FF-01	brca_tcga_pub	Breast Cancer		0.0011			
TCGA-AC-A2FG	TCGA-AC-A2FG-01	brca_tcga_pub	Breast Cancer		0.0788			
TCGA-AN-A03X	TCGA-AN-A03X-01	brca_tcga_pub	Breast Cancer	28	0.3072	74.0	Female	
TCGA-AN-A03Y	TCGA-AN-A03Y-01	brca_tcga_pub	Breast Cancer	24	0.3773	66.0	Female	
TCGA-AN-A041	TCGA-AN-A041-01	brca_tcga_pub	Breast Cancer	21	0.3265	29.0	Female	
TCGA-AN-A046	TCGA-AN-A046-01	brca_tcga_pub	Breast Cancer		0.0264	68.0	Female	
TCGA-AN-A049	TCGA-AN-A049-01	brca_tcga_pub	Breast Cancer	24	0.3796	62.0	Female	
TCGA-AN-A04A	TCGA-AN-A04A-01	brca_tcga_pub	Breast Cancer	23	0.5374	36.0	Female	
TCGA-AN-A04C	TCGA-AN-A04C-01	brca_tcga_pub	Breast Cancer	49	0.3390	51.0	Female	
TCGA-AN-A04D	TCGA-AN-A04D-01	brca_tcga_pub	Breast Cancer	71	0.3686	58.0	Female	
TCGA-AN-A0AJ	TCGA-AN-A0AJ-01	brca_tcga_pub	Breast Cancer	64	0.6855	79.0	Female	
TCGA-AN-A0AK	TCGA-AN-A0AK-01	brca_tcga_pub	Breast Cancer		0.2818	76.0	Female	
TCGA-AN-A0AL	TCGA-AN-A0AL-01	brca_tcga_pub	Breast Cancer	64	0.4407	41.0	Female	
TCGA-AN-A0AM	TCGA-AN-A0AM-01	brca_tcga_pub	Breast Cancer	42	0.2787	56.0	Female	
TCGA-AN-A0AR	TCGA-AN-A0AR-01	brca_tcga_pub	Breast Cancer	97	0.5378	55.0	Female	
TCGA-AN-A0AS	TCGA-AN-A0AS-01	brca_tcga_pub	Breast Cancer	29	0.2493	70.0	Female	
TCGA-AN-A0AT	TCGA-AN-A0AT-01	brca_tcga_pub	Breast Cancer	100	0.4552	62.0	Female	
TCGA-AN-A0FD	TCGA-AN-A0FD-01	brca_tcga_pub	Breast Cancer	29	0.1710	71.0	Female	
TCGA-AN-A0FF	TCGA-AN-A0FF-01	brca_tcga_pub	Breast Cancer	18	0.1509	32.0	Female	
TCGA-AN-A0FJ	TCGA-AN-A0FJ-01	brca_tcga_pub	Breast Cancer	66	0.6191	59.0	Female	
TCGA-AN-A0FK	TCGA-AN-A0FK-01	brca_tcga_pub	Breast Cancer	28	0.5521	88.0	Female	
TCGA-AN-A0FL	TCGA-AN-A0FL-01	brca_tcga_pub	Breast Cancer	137	0.5381	62.0	Female	
TCGA-AN-A0FN	TCGA-AN-A0FN-01	brca_tcga_pub	Breast Cancer	14	0.0004	61.0	Female	
TCGA-AN-A0FS	TCGA-AN-A0FS-01	brca_tcga_pub	Breast Cancer	39	0.1049	55.0	Female	
TCGA-AN-A0FT	TCGA-AN-A0FT-01	brca_tcga_pub	Breast Cancer	69	0.5805	63.0	Female	
TCGA-AN-A0FV	TCGA-AN-A0FV-01	brca_tcga_pub	Breast Cancer	59	0.5399	58.0	Female	
TCGA-AN-A0FW	TCGA-AN-A0FW-01	brca_tcga_pub	Breast Cancer	75	0.1949	67.0	Female	
TCGA-AN-A0FX	TCGA-AN-A0FX-01	brca_tcga_pub	Breast Cancer	93	0.5402	52.0	Female	
TCGA-AN-A0FY	TCGA-AN-A0FY-01	brca_tcga_pub	Breast Cancer	46	0.3500	55.0	Female	
TCGA-AN-A0FZ	TCGA-AN-A0FZ-01	brca_tcga_pub	Breast Cancer	36	0.4504	45.0	Female	
TCGA-AN-A0G0	TCGA-AN-A0G0-01	brca_tcga_pub	Breast Cancer	29		56.0	Female	
TCGA-AN-A0XL	TCGA-AN-A0XL-01	brca_tcga_pub	Breast Cancer	34	0.3332	61.0	Female	
TCGA-AN-A0XN	TCGA-AN-A0XN-01	brca_tcga_pub	Breast Cancer	108	0.5133	68.0	Female	
TCGA-AN-A0XO	TCGA-AN-A0XO-01	brca_tcga_pub	Breast Cancer	54	0.2092	59.0	Female	
TCGA-AN-A0XP	TCGA-AN-A0XP-01	brca_tcga_pub	Breast Cancer	23	0.1617	69.0	Female	
TCGA-AN-A0XR	TCGA-AN-A0XR-01	brca_tcga_pub	Breast Cancer	28	0.1201	55.0	Female	
TCGA-AN-A0XS	TCGA-AN-A0XS-01	brca_tcga_pub	Breast Cancer	26	0.0804	63.0	Female	
TCGA-AN-A0XT	TCGA-AN-A0XT-01	brca_tcga_pub	Breast Cancer	12	0.3076	54.0	Female	
TCGA-AN-A0XU	TCGA-AN-A0XU-01	brca_tcga_pub	Breast Cancer	93	0.4834	54.0	Female	
TCGA-AN-A0XV	TCGA-AN-A0XV-01	brca_tcga_pub	Breast Cancer	27	0.0851	67.0	Female	
TCGA-AN-A0XW	TCGA-AN-A0XW-01	brca_tcga_pub	Breast Cancer	174	0.2488	36.0	Female	
TCGA-AO-A03L	TCGA-AO-A03L-01	brca_tcga_pub	Breast Cancer	19	0.6527	34.0	Female	
TCGA-AO-A03M	TCGA-AO-A03M-01	brca_tcga_pub	Breast Cancer		0.1630	29.0	Female	
TCGA-AO-A03N	TCGA-AO-A03N-01	brca_tcga_pub	Breast Cancer	87	0.4975	59.0	Female	
TCGA-AO-A03O	TCGA-AO-A03O-01	brca_tcga_pub	Breast Cancer	56	0.3537	69.0	Female	
TCGA-AO-A03P	TCGA-AO-A03P-01	brca_tcga_pub	Breast Cancer	37	0.4219	54.0	Female	
TCGA-AO-A03R	TCGA-AO-A03R-01	brca_tcga_pub	Breast Cancer	27	0.2442	57.0	Female	
TCGA-AO-A03T	TCGA-AO-A03T-01	brca_tcga_pub	Breast Cancer	65	0.2679	42.0	Female	
TCGA-AO-A03U	TCGA-AO-A03U-01	brca_tcga_pub	Breast Cancer	19	0.0010	31.0	Female	
TCGA-AO-A03V	TCGA-AO-A03V-01	brca_tcga_pub	Breast Cancer	47	0.3132	41.0	Female	
TCGA-AO-A0J2	TCGA-AO-A0J2-01	brca_tcga_pub	Breast Cancer	45	0.7158	41.0	Female	
TCGA-AO-A0J3	TCGA-AO-A0J3-01	brca_tcga_pub	Breast Cancer	60	0.5363	67.0	Female	
TCGA-AO-A0J4	TCGA-AO-A0J4-01	brca_tcga_pub	Breast Cancer	66	0.4434	41.0	Female	
TCGA-AO-A0J5	TCGA-AO-A0J5-01	brca_tcga_pub	Breast Cancer		0.1273	48.0	Female	
TCGA-AO-A0J6	TCGA-AO-A0J6-01	brca_tcga_pub	Breast Cancer	91	0.4668	61.0	Female	
TCGA-AO-A0J7	TCGA-AO-A0J7-01	brca_tcga_pub	Breast Cancer	14	0.7671	71.0	Female	
TCGA-AO-A0J8	TCGA-AO-A0J8-01	brca_tcga_pub	Breast Cancer	19	0.1308	61.0	Female	
TCGA-AO-A0J9	TCGA-AO-A0J9-01	brca_tcga_pub	Breast Cancer	71	0.3623	61.0	Female	
TCGA-AO-A0JA	TCGA-AO-A0JA-01	brca_tcga_pub	Breast Cancer	23	0.3029	36.0	Female	
TCGA-AO-A0JB	TCGA-AO-A0JB-01	brca_tcga_pub	Breast Cancer	58	0.4249	50.0	Female	
TCGA-AO-A0JC	TCGA-AO-A0JC-01	brca_tcga_pub	Breast Cancer	16	0.0001	64.0	Female	
TCGA-AO-A0JD	TCGA-AO-A0JD-01	brca_tcga_pub	Breast Cancer	84	0.3929	59.0	Female	
TCGA-AO-A0JE	TCGA-AO-A0JE-01	brca_tcga_pub	Breast Cancer	35	0.3619	53.0	Female	
TCGA-AO-A0JF	TCGA-AO-A0JF-01	brca_tcga_pub	Breast Cancer	19	0.0531	68.0	Female	
TCGA-AO-A0JG	TCGA-AO-A0JG-01	brca_tcga_pub	Breast Cancer	18	0.2284	49.0	Female	
TCGA-AO-A0JI	TCGA-AO-A0JI-01	brca_tcga_pub	Breast Cancer	12	0.2489	56.0	Female	
TCGA-AO-A0JJ	TCGA-AO-A0JJ-01	brca_tcga_pub	Breast Cancer	14	0.1567	54.0	Female	
TCGA-AO-A0JL	TCGA-AO-A0JL-01	brca_tcga_pub	Breast Cancer	52	0.6310	59.0	Female	
TCGA-AO-A0JM	TCGA-AO-A0JM-01	brca_tcga_pub	Breast Cancer	29	0.3307	40.0	Female	
TCGA-AO-A124	TCGA-AO-A124-01	brca_tcga_pub	Breast Cancer	117	0.7327	38.0	Female	
TCGA-AO-A125	TCGA-AO-A125-01	brca_tcga_pub	Breast Cancer	29	0.1154	72.0	Female	
TCGA-AO-A126	TCGA-AO-A126-01	brca_tcga_pub	Breast Cancer	16	0.1535	39.0	Female	
TCGA-AO-A128	TCGA-AO-A128-01	brca_tcga_pub	Breast Cancer		0.1548	61.0	Female	
TCGA-AO-A129	TCGA-AO-A129-01	brca_tcga_pub	Breast Cancer	72	0.3991	29.0	Female	
TCGA-AO-A12A	TCGA-AO-A12A-01	brca_tcga_pub	Breast Cancer	12	0.1372	47.0	Female	
TCGA-AO-A12B	TCGA-AO-A12B-01	brca_tcga_pub	Breast Cancer	25	0.1121	63.0	Female	
TCGA-AO-A12C	TCGA-AO-A12C-01	brca_tcga_pub	Breast Cancer			42.0	Female	
TCGA-AO-A12D	TCGA-AO-A12D-01	brca_tcga_pub	Breast Cancer	32	0.3250	43.0	Female	
TCGA-AO-A12E	TCGA-AO-A12E-01	brca_tcga_pub	Breast Cancer	25	0.4013	51.0	Female	
TCGA-AO-A12F	TCGA-AO-A12F-01	brca_tcga_pub	Breast Cancer	31	0.6214	36.0	Female	
TCGA-AO-A12G	TCGA-AO-A12G-01	brca_tcga_pub	Breast Cancer	37	0.2741	75.0	Female	
TCGA-AO-A12H	TCGA-AO-A12H-01	brca_tcga_pub	Breast Cancer	29	0.0000	69.0	Female	
TCGA-AO-A1KO	TCGA-AO-A1KO-01	brca_tcga_pub	Breast Cancer		0.0000	46.0	Female	
TCGA-AO-A1KP	TCGA-AO-A1KP-01	brca_tcga_pub	Breast Cancer		0.1817	77.0	Female	
TCGA-AO-A1KQ	TCGA-AO-A1KQ-01	brca_tcga_pub	Breast Cancer		0.5026	84.0	Male	
TCGA-AO-A1KR	TCGA-AO-A1KR-01	brca_tcga_pub	Breast Cancer		0.4509	51.0	Female	
TCGA-AO-A1KS	TCGA-AO-A1KS-01	brca_tcga_pub	Breast Cancer		0.4859	69.0	Female	
TCGA-AO-A1KT	TCGA-AO-A1KT-01	brca_tcga_pub	Breast Cancer		0.3513	78.0	Female	
TCGA-AQ-A04H	TCGA-AQ-A04H-01	brca_tcga_pub	Breast Cancer	58	0.4203	61.0	Female	
TCGA-AQ-A04J	TCGA-AQ-A04J-01	brca_tcga_pub	Breast Cancer	41	0.3431	45.0	Female	
TCGA-AQ-A04L	TCGA-AQ-A04L-01	brca_tcga_pub	Breast Cancer	37	0.5876	48.0	Female	
TCGA-AQ-A0Y5	TCGA-AQ-A0Y5-01	brca_tcga_pub	Breast Cancer		0.4961	70.0	Female	
TCGA-AQ-A1H2	TCGA-AQ-A1H2-01	brca_tcga_pub	Breast Cancer		0.3295	84.0	Female	
TCGA-AQ-A1H3	TCGA-AQ-A1H3-01	brca_tcga_pub	Breast Cancer		0.2038	49.0	Female	
TCGA-AR-A0TP	TCGA-AR-A0TP-01	brca_tcga_pub	Breast Cancer	50	0.5144	43.0	Female	
TCGA-AR-A0TQ	TCGA-AR-A0TQ-01	brca_tcga_pub	Breast Cancer	26	0.1275	27.0	Female	
TCGA-AR-A0TR	TCGA-AR-A0TR-01	brca_tcga_pub	Breast Cancer	27	0.6024	68.0	Female	
TCGA-AR-A0TS	TCGA-AR-A0TS-01	brca_tcga_pub	Breast Cancer	34	0.0895	46.0	Female	
TCGA-AR-A0TT	TCGA-AR-A0TT-01	brca_tcga_pub	Breast Cancer	39	0.3875	53.0	Female	
TCGA-AR-A0TU	TCGA-AR-A0TU-01	brca_tcga_pub	Breast Cancer	64		35.0	Female	
TCGA-AR-A0TV	TCGA-AR-A0TV-01	brca_tcga_pub	Breast Cancer	56	0.3859	66.0	Female	
TCGA-AR-A0TW	TCGA-AR-A0TW-01	brca_tcga_pub	Breast Cancer	38	0.4849	50.0	Female	
TCGA-AR-A0TX	TCGA-AR-A0TX-01	brca_tcga_pub	Breast Cancer	223	0.2237	64.0	Female	
TCGA-AR-A0TY	TCGA-AR-A0TY-01	brca_tcga_pub	Breast Cancer	53	0.3607	54.0	Female	
TCGA-AR-A0TZ	TCGA-AR-A0TZ-01	brca_tcga_pub	Breast Cancer	49	0.8185	43.0	Female	
TCGA-AR-A0U0	TCGA-AR-A0U0-01	brca_tcga_pub	Breast Cancer	27	0.4875	73.0	Female	
TCGA-AR-A0U1	TCGA-AR-A0U1-01	brca_tcga_pub	Breast Cancer	59	0.4237	36.0	Female	
TCGA-AR-A0U2	TCGA-AR-A0U2-01	brca_tcga_pub	Breast Cancer	42	0.6621	47.0	Female	
TCGA-AR-A0U3	TCGA-AR-A0U3-01	brca_tcga_pub	Breast Cancer	30	0.5081	59.0	Female	
TCGA-AR-A0U4	TCGA-AR-A0U4-01	brca_tcga_pub	Breast Cancer	113	0.4452	54.0	Female	
TCGA-AR-A1AH	TCGA-AR-A1AH-01	brca_tcga_pub	Breast Cancer	64	0.9025	51.0	Female	
TCGA-AR-A1AI	TCGA-AR-A1AI-01	brca_tcga_pub	Breast Cancer	52	0.4681	47.0	Female	
TCGA-AR-A1AJ	TCGA-AR-A1AJ-01	brca_tcga_pub	Breast Cancer	21	0.0657	83.0	Female	
TCGA-AR-A1AK	TCGA-AR-A1AK-01	brca_tcga_pub	Breast Cancer	54	0.2941	70.0	Female	
TCGA-AR-A1AL	TCGA-AR-A1AL-01	brca_tcga_pub	Breast Cancer	20	0.0817	60.0	Female	
TCGA-AR-A1AN	TCGA-AR-A1AN-01	brca_tcga_pub	Breast Cancer	19	0.3367	46.0	Female	
TCGA-AR-A1AO	TCGA-AR-A1AO-01	brca_tcga_pub	Breast Cancer	8	0.0002	47.0	Female	
TCGA-AR-A1AP	TCGA-AR-A1AP-01	brca_tcga_pub	Breast Cancer	33	0.2882	80.0	Female	
TCGA-AR-A1AQ	TCGA-AR-A1AQ-01	brca_tcga_pub	Breast Cancer	38	0.4982	49.0	Female	
TCGA-AR-A1AR	TCGA-AR-A1AR-01	brca_tcga_pub	Breast Cancer	42	0.4696	50.0	Female	
TCGA-AR-A1AS	TCGA-AR-A1AS-01	brca_tcga_pub	Breast Cancer	33	0.1378	54.0	Female	
TCGA-AR-A1AT	TCGA-AR-A1AT-01	brca_tcga_pub	Breast Cancer	19		62.0	Female	
TCGA-AR-A1AU	TCGA-AR-A1AU-01	brca_tcga_pub	Breast Cancer	14	0.2156	39.0	Female	
TCGA-AR-A1AV	TCGA-AR-A1AV-01	brca_tcga_pub	Breast Cancer	38	0.1890	68.0	Male	
TCGA-AR-A1AW	TCGA-AR-A1AW-01	brca_tcga_pub	Breast Cancer	20	0.1214	65.0	Female	
TCGA-AR-A1AX	TCGA-AR-A1AX-01	brca_tcga_pub	Breast Cancer	11	0.0366	64.0	Female	
TCGA-AR-A1AY	TCGA-AR-A1AY-01	brca_tcga_pub	Breast Cancer	51	0.5101	65.0	Female	
TCGA-AR-A24H	TCGA-AR-A24H-01	brca_tcga_pub	Breast Cancer		0.4579	65.0	Female	
TCGA-AR-A24K	TCGA-AR-A24K-01	brca_tcga_pub	Breast Cancer		0.2005	46.0	Female	
TCGA-AR-A24L	TCGA-AR-A24L-01	brca_tcga_pub	Breast Cancer		0.3426	26.0	Female	
TCGA-AR-A24M	TCGA-AR-A24M-01	brca_tcga_pub	Breast Cancer		0.1579	38.0	Female	
TCGA-AR-A24N	TCGA-AR-A24N-01	brca_tcga_pub	Breast Cancer		0.1106	54.0	Female	
TCGA-AR-A24O	TCGA-AR-A24O-01	brca_tcga_pub	Breast Cancer		0.0332	43.0	Female	
TCGA-AR-A24P	TCGA-AR-A24P-01	brca_tcga_pub	Breast Cancer		0.1587	47.0	Female	
TCGA-AR-A24Q	TCGA-AR-A24Q-01	brca_tcga_pub	Breast Cancer		0.6640	49.0	Female	
TCGA-AR-A24R	TCGA-AR-A24R-01	brca_tcga_pub	Breast Cancer		0.3412	45.0	Female	
TCGA-AR-A24S	TCGA-AR-A24S-01	brca_tcga_pub	Breast Cancer		0.3411	61.0	Female	
TCGA-AR-A24T	TCGA-AR-A24T-01	brca_tcga_pub	Breast Cancer		0.2168	46.0	Female	
TCGA-AR-A24U	TCGA-AR-A24U-01	brca_tcga_pub	Breast Cancer		0.1646	47.0	Female	
TCGA-AR-A24V	TCGA-AR-A24V-01	brca_tcga_pub	Breast Cancer		0.2671	52.0	Female	
TCGA-AR-A24W	TCGA-AR-A24W-01	brca_tcga_pub	Breast Cancer		0.1024			
TCGA-AR-A24X	TCGA-AR-A24X-01	brca_tcga_pub	Breast Cancer		0.0713	52.0	Female	
TCGA-AR-A24Z	TCGA-AR-A24Z-01	brca_tcga_pub	Breast Cancer		0.5036	57.0	Female	
TCGA-AR-A250	TCGA-AR-A250-01	brca_tcga_pub	Breast Cancer		0.3845	58.0	Female	
TCGA-AR-A251	TCGA-AR-A251-01	brca_tcga_pub	Breast Cancer		0.6718	51.0	Female	
TCGA-AR-A252	TCGA-AR-A252-01	brca_tcga_pub	Breast Cancer		0.0162	50.0	Female	
TCGA-AR-A254	TCGA-AR-A254-01	brca_tcga_pub	Breast Cancer		0.2369	50.0	Female	
TCGA-AR-A255	TCGA-AR-A255-01	brca_tcga_pub	Breast Cancer		0.6568	62.0	Female	
TCGA-AR-A256	TCGA-AR-A256-01	brca_tcga_pub	Breast Cancer		0.6832	45.0	Female	
TCGA-B6-A0I2	TCGA-B6-A0I2-01	brca_tcga_pub	Breast Cancer	41	0.8535	45.0	Female	
TCGA-B6-A0I5	TCGA-B6-A0I5-01	brca_tcga_pub	Breast Cancer	19	0.2451	49.0	Female	
TCGA-B6-A0I6	TCGA-B6-A0I6-01	brca_tcga_pub	Breast Cancer	62		49.0	Female	
TCGA-B6-A0I8	TCGA-B6-A0I8-01	brca_tcga_pub	Breast Cancer	94		46.0	Female	
TCGA-B6-A0I9	TCGA-B6-A0I9-01	brca_tcga_pub	Breast Cancer	56	0.4950	62.0	Female	
TCGA-B6-A0IA	TCGA-B6-A0IA-01	brca_tcga_pub	Breast Cancer	15	0.2386	51.0	Female	
TCGA-B6-A0IB	TCGA-B6-A0IB-01	brca_tcga_pub	Breast Cancer	45	0.5461	64.0	Female	
TCGA-B6-A0IC	TCGA-B6-A0IC-01	brca_tcga_pub	Breast Cancer	31	0.0787	90.0	Female	
TCGA-B6-A0IE	TCGA-B6-A0IE-01	brca_tcga_pub	Breast Cancer	26	0.3490	38.0	Female	
TCGA-B6-A0IG	TCGA-B6-A0IG-01	brca_tcga_pub	Breast Cancer	37	0.3174	50.0	Female	
TCGA-B6-A0IH	TCGA-B6-A0IH-01	brca_tcga_pub	Breast Cancer	25	0.1988	81.0	Female	
TCGA-B6-A0IJ	TCGA-B6-A0IJ-01	brca_tcga_pub	Breast Cancer	112	0.5979	42.0	Female	
TCGA-B6-A0IK	TCGA-B6-A0IK-01	brca_tcga_pub	Breast Cancer	93	0.3518	63.0	Female	
TCGA-B6-A0IM	TCGA-B6-A0IM-01	brca_tcga_pub	Breast Cancer	31	0.2215	75.0	Female	
TCGA-B6-A0IN	TCGA-B6-A0IN-01	brca_tcga_pub	Breast Cancer	21	0.2325	45.0	Female	
TCGA-B6-A0IO	TCGA-B6-A0IO-01	brca_tcga_pub	Breast Cancer	45	0.3270	66.0	Female	
TCGA-B6-A0IP	TCGA-B6-A0IP-01	brca_tcga_pub	Breast Cancer	25	0.0661	74.0	Female	
TCGA-B6-A0IQ	TCGA-B6-A0IQ-01	brca_tcga_pub	Breast Cancer	50	0.5981	40.0	Female	
TCGA-B6-A0RE	TCGA-B6-A0RE-01	brca_tcga_pub	Breast Cancer	81	0.5386	61.0	Female	
TCGA-B6-A0RG	TCGA-B6-A0RG-01	brca_tcga_pub	Breast Cancer	48	0.3585	26.0	Female	
TCGA-B6-A0RH	TCGA-B6-A0RH-01	brca_tcga_pub	Breast Cancer	38	0.2783	51.0	Female	
TCGA-B6-A0RI	TCGA-B6-A0RI-01	brca_tcga_pub	Breast Cancer	15	0.0928	44.0	Female	
TCGA-B6-A0RL	TCGA-B6-A0RL-01	brca_tcga_pub	Breast Cancer	45	0.3215	60.0	Female	
TCGA-B6-A0RM	TCGA-B6-A0RM-01	brca_tcga_pub	Breast Cancer	24	0.0804	57.0	Female	
TCGA-B6-A0RN	TCGA-B6-A0RN-01	brca_tcga_pub	Breast Cancer	26	0.0741	60.0	Female	
TCGA-B6-A0RO	TCGA-B6-A0RO-01	brca_tcga_pub	Breast Cancer	36	0.4705	71.0	Female	
TCGA-B6-A0RP	TCGA-B6-A0RP-01	brca_tcga_pub	Breast Cancer	26	0.4882	73.0	Female	
TCGA-B6-A0RQ	TCGA-B6-A0RQ-01	brca_tcga_pub	Breast Cancer	13	0.0134	68.0	Female	
TCGA-B6-A0RS	TCGA-B6-A0RS-01	brca_tcga_pub	Breast Cancer	92	0.4276	38.0	Female	
TCGA-B6-A0RT	TCGA-B6-A0RT-01	brca_tcga_pub	Breast Cancer	14	0.0237	39.0	Female	
TCGA-B6-A0RU	TCGA-B6-A0RU-01	brca_tcga_pub	Breast Cancer	36	0.3834	49.0	Female	
TCGA-B6-A0RV	TCGA-B6-A0RV-01	brca_tcga_pub	Breast Cancer	31	0.1644	42.0	Female	
TCGA-B6-A0WS	TCGA-B6-A0WS-01	brca_tcga_pub	Breast Cancer	23	0.2277	58.0	Female	
TCGA-B6-A0WT	TCGA-B6-A0WT-01	brca_tcga_pub	Breast Cancer	22	0.1520	61.0	Female	
TCGA-B6-A0WV	TCGA-B6-A0WV-01	brca_tcga_pub	Breast Cancer	28	0.4345	67.0	Female	
TCGA-B6-A0WW	TCGA-B6-A0WW-01	brca_tcga_pub	Breast Cancer	31	0.3127	58.0	Female	
TCGA-B6-A0WX	TCGA-B6-A0WX-01	brca_tcga_pub	Breast Cancer	28	0.4622	40.0	Female	
TCGA-B6-A0WY	TCGA-B6-A0WY-01	brca_tcga_pub	Breast Cancer	30	0.0836	40.0	Female	
TCGA-B6-A0WZ	TCGA-B6-A0WZ-01	brca_tcga_pub	Breast Cancer	33	0.2496	50.0	Female	
TCGA-B6-A0X0	TCGA-B6-A0X0-01	brca_tcga_pub	Breast Cancer	20	0.1143	54.0	Female	
TCGA-B6-A0X1	TCGA-B6-A0X1-01	brca_tcga_pub	Breast Cancer	62	0.8331	48.0	Female	
TCGA-B6-A0X4	TCGA-B6-A0X4-01	brca_tcga_pub	Breast Cancer	22	0.0305	62.0	Female	
TCGA-B6-A0X5	TCGA-B6-A0X5-01	brca_tcga_pub	Breast Cancer	41	0.0827	61.0	Female	
TCGA-B6-A0X7	TCGA-B6-A0X7-01	brca_tcga_pub	Breast Cancer	13	0.1698	62.0	Female	
TCGA-B6-A1KC	TCGA-B6-A1KC-01	brca_tcga_pub	Breast Cancer		0.5293	67.0	Female	
TCGA-B6-A1KF	TCGA-B6-A1KF-01	brca_tcga_pub	Breast Cancer		0.5575	68.0	Female	
TCGA-B6-A1KI	TCGA-B6-A1KI-01	brca_tcga_pub	Breast Cancer		0.1086	63.0	Female	
TCGA-B6-A1KN	TCGA-B6-A1KN-01	brca_tcga_pub	Breast Cancer		0.2858	57.0	Female	
TCGA-BH-A0AU	TCGA-BH-A0AU-01	brca_tcga_pub	Breast Cancer	22	0.4255	45.0	Female	
TCGA-BH-A0AV	TCGA-BH-A0AV-01	brca_tcga_pub	Breast Cancer	48	0.6161	52.0	Female	
TCGA-BH-A0AW	TCGA-BH-A0AW-01	brca_tcga_pub	Breast Cancer	109	0.2907	56.0	Female	
TCGA-BH-A0AY	TCGA-BH-A0AY-01	brca_tcga_pub	Breast Cancer	35	0.2207	62.0	Female	
TCGA-BH-A0AZ	TCGA-BH-A0AZ-01	brca_tcga_pub	Breast Cancer	49	0.2853	47.0	Female	
TCGA-BH-A0B0	TCGA-BH-A0B0-01	brca_tcga_pub	Breast Cancer	38	0.2342	56.0	Female	
TCGA-BH-A0B1	TCGA-BH-A0B1-01	brca_tcga_pub	Breast Cancer	36		66.0	Female	
TCGA-BH-A0B2	TCGA-BH-A0B2-01	brca_tcga_pub	Breast Cancer			43.0	Female	
TCGA-BH-A0B3	TCGA-BH-A0B3-01	brca_tcga_pub	Breast Cancer	29	0.2146	53.0	Female	
TCGA-BH-A0B4	TCGA-BH-A0B4-01	brca_tcga_pub	Breast Cancer	54	0.3681	65.0	Male	
TCGA-BH-A0B5	TCGA-BH-A0B5-01	brca_tcga_pub	Breast Cancer	58	0.2328	40.0	Female	
TCGA-BH-A0B7	TCGA-BH-A0B7-01	brca_tcga_pub	Breast Cancer	15	0.1253	42.0	Female	
TCGA-BH-A0B8	TCGA-BH-A0B8-01	brca_tcga_pub	Breast Cancer	26		64.0	Female	
TCGA-BH-A0B9	TCGA-BH-A0B9-01	brca_tcga_pub	Breast Cancer	33	0.3070	44.0	Female	
TCGA-BH-A0BA	TCGA-BH-A0BA-01	brca_tcga_pub	Breast Cancer	26	0.8633	51.0	Female	
TCGA-BH-A0BC	TCGA-BH-A0BC-01	brca_tcga_pub	Breast Cancer	24	0.1967	60.0	Female	
TCGA-BH-A0BD	TCGA-BH-A0BD-01	brca_tcga_pub	Breast Cancer	17	0.1794	47.0	Female	
TCGA-BH-A0BF	TCGA-BH-A0BF-01	brca_tcga_pub	Breast Cancer	23	0.2904	56.0	Female	
TCGA-BH-A0BG	TCGA-BH-A0BG-01	brca_tcga_pub	Breast Cancer	37	0.4262	73.0	Female	
TCGA-BH-A0BJ	TCGA-BH-A0BJ-01	brca_tcga_pub	Breast Cancer	13	0.4003	41.0	Female	
TCGA-BH-A0BL	TCGA-BH-A0BL-01	brca_tcga_pub	Breast Cancer	43	0.3435	35.0	Female	
TCGA-BH-A0BM	TCGA-BH-A0BM-01	brca_tcga_pub	Breast Cancer	19	0.0936	54.0	Female	
TCGA-BH-A0BO	TCGA-BH-A0BO-01	brca_tcga_pub	Breast Cancer	22	0.0180	54.0	Female	
TCGA-BH-A0BP	TCGA-BH-A0BP-01	brca_tcga_pub	Breast Cancer	110	0.6741	76.0	Female	
TCGA-BH-A0BQ	TCGA-BH-A0BQ-01	brca_tcga_pub	Breast Cancer	16	0.1009	39.0	Female	
TCGA-BH-A0BR	TCGA-BH-A0BR-01	brca_tcga_pub	Breast Cancer	46	0.4653	59.0	Female	
TCGA-BH-A0BS	TCGA-BH-A0BS-01	brca_tcga_pub	Breast Cancer	18	0.0493	55.0	Female	
TCGA-BH-A0BT	TCGA-BH-A0BT-01	brca_tcga_pub	Breast Cancer	29	0.3749	56.0	Female	
TCGA-BH-A0BV	TCGA-BH-A0BV-01	brca_tcga_pub	Breast Cancer	22	0.1734	78.0	Female	
TCGA-BH-A0BW	TCGA-BH-A0BW-01	brca_tcga_pub	Breast Cancer	79	0.3953	71.0	Female	
TCGA-BH-A0BZ	TCGA-BH-A0BZ-01	brca_tcga_pub	Breast Cancer	185	0.1500	59.0	Female	
TCGA-BH-A0C0	TCGA-BH-A0C0-01	brca_tcga_pub	Breast Cancer	65	0.3023	62.0	Female	
TCGA-BH-A0C1	TCGA-BH-A0C1-01	brca_tcga_pub	Breast Cancer	26	0.1678	61.0	Female	
TCGA-BH-A0C3	TCGA-BH-A0C3-01	brca_tcga_pub	Breast Cancer	16	0.1667	47.0	Female	
TCGA-BH-A0C7	TCGA-BH-A0C7-01	brca_tcga_pub	Breast Cancer	34	0.3045	48.0	Female	
TCGA-BH-A0DD	TCGA-BH-A0DD-01	brca_tcga_pub	Breast Cancer	30	0.3503	58.0	Male	
TCGA-BH-A0DE	TCGA-BH-A0DE-01	brca_tcga_pub	Breast Cancer	24	0.1869	62.0	Female	
TCGA-BH-A0DG	TCGA-BH-A0DG-01	brca_tcga_pub	Breast Cancer	32	0.1591	30.0	Female	
TCGA-BH-A0DH	TCGA-BH-A0DH-01	brca_tcga_pub	Breast Cancer	27	0.2305	63.0	Female	
TCGA-BH-A0DI	TCGA-BH-A0DI-01	brca_tcga_pub	Breast Cancer	26	0.2622	63.0	Female	
TCGA-BH-A0DK	TCGA-BH-A0DK-01	brca_tcga_pub	Breast Cancer	70	0.2171	49.0	Female	
TCGA-BH-A0DL	TCGA-BH-A0DL-01	brca_tcga_pub	Breast Cancer	39	0.2605	64.0	Female	
TCGA-BH-A0DO	TCGA-BH-A0DO-01	brca_tcga_pub	Breast Cancer	16	0.1608	78.0	Female	
TCGA-BH-A0DP	TCGA-BH-A0DP-01	brca_tcga_pub	Breast Cancer	22	0.2568	60.0	Female	
TCGA-BH-A0DQ	TCGA-BH-A0DQ-01	brca_tcga_pub	Breast Cancer	31	0.2833	42.0	Female	
TCGA-BH-A0DS	TCGA-BH-A0DS-01	brca_tcga_pub	Breast Cancer	28	0.3395	71.0	Female	
TCGA-BH-A0DT	TCGA-BH-A0DT-01	brca_tcga_pub	Breast Cancer	12	0.1927	41.0	Female	
TCGA-BH-A0DV	TCGA-BH-A0DV-01	brca_tcga_pub	Breast Cancer	4	0.0082	54.0	Female	
TCGA-BH-A0DX	TCGA-BH-A0DX-01	brca_tcga_pub	Breast Cancer	53	0.1997	62.0	Female	
TCGA-BH-A0DZ	TCGA-BH-A0DZ-01	brca_tcga_pub	Breast Cancer	179	0.2130	43.0	Female	
TCGA-BH-A0E0	TCGA-BH-A0E0-01	brca_tcga_pub	Breast Cancer	28	0.6731	38.0	Female	
TCGA-BH-A0E1	TCGA-BH-A0E1-01	brca_tcga_pub	Breast Cancer	27	0.0595	52.0	Female	
TCGA-BH-A0E2	TCGA-BH-A0E2-01	brca_tcga_pub	Breast Cancer	27	0.2837	49.0	Female	
TCGA-BH-A0E6	TCGA-BH-A0E6-01	brca_tcga_pub	Breast Cancer	37	0.6170	69.0	Female	
TCGA-BH-A0E7	TCGA-BH-A0E7-01	brca_tcga_pub	Breast Cancer	35	0.0790	79.0	Female	
TCGA-BH-A0E9	TCGA-BH-A0E9-01	brca_tcga_pub	Breast Cancer	11	0.2195	53.0	Female	
TCGA-BH-A0EA	TCGA-BH-A0EA-01	brca_tcga_pub	Breast Cancer	22	0.0603	72.0	Female	
TCGA-BH-A0EB	TCGA-BH-A0EB-01	brca_tcga_pub	Breast Cancer	35	0.1316	69.0	Female	
TCGA-BH-A0EE	TCGA-BH-A0EE-01	brca_tcga_pub	Breast Cancer	67	0.4417	68.0	Female	
TCGA-BH-A0EI	TCGA-BH-A0EI-01	brca_tcga_pub	Breast Cancer	17	0.1622	51.0	Female	
TCGA-BH-A0GY	TCGA-BH-A0GY-01	brca_tcga_pub	Breast Cancer	34	0.2656	67.0	Female	
TCGA-BH-A0GZ	TCGA-BH-A0GZ-01	brca_tcga_pub	Breast Cancer	23	0.2724	62.0	Female	
TCGA-BH-A0H0	TCGA-BH-A0H0-01	brca_tcga_pub	Breast Cancer	16	0.2534	69.0	Female	
TCGA-BH-A0H3	TCGA-BH-A0H3-01	brca_tcga_pub	Breast Cancer	14	0.0606	46.0	Female	
TCGA-BH-A0H5	TCGA-BH-A0H5-01	brca_tcga_pub	Breast Cancer	8	0.0000	45.0	Female	
TCGA-BH-A0H6	TCGA-BH-A0H6-01	brca_tcga_pub	Breast Cancer	19	0.0982	82.0	Female	
TCGA-BH-A0H7	TCGA-BH-A0H7-01	brca_tcga_pub	Breast Cancer	38	0.4407	65.0	Female	
TCGA-BH-A0H9	TCGA-BH-A0H9-01	brca_tcga_pub	Breast Cancer	34	0.3068	69.0	Female	
TCGA-BH-A0HA	TCGA-BH-A0HA-01	brca_tcga_pub	Breast Cancer	201	0.0838	31.0	Female	
TCGA-BH-A0HB	TCGA-BH-A0HB-01	brca_tcga_pub	Breast Cancer	25	0.2922	55.0	Female	
TCGA-BH-A0HF	TCGA-BH-A0HF-01	brca_tcga_pub	Breast Cancer			77.0	Female	
TCGA-BH-A0HI	TCGA-BH-A0HI-01	brca_tcga_pub	Breast Cancer	21	0.0729	78.0	Female	
TCGA-BH-A0HK	TCGA-BH-A0HK-01	brca_tcga_pub	Breast Cancer	73	0.0924	81.0	Female	
TCGA-BH-A0HL	TCGA-BH-A0HL-01	brca_tcga_pub	Breast Cancer	25		56.0	Female	
TCGA-BH-A0HN	TCGA-BH-A0HN-01	brca_tcga_pub	Breast Cancer	26		67.0	Female	
TCGA-BH-A0HO	TCGA-BH-A0HO-01	brca_tcga_pub	Breast Cancer	14	0.0493	48.0	Female	
TCGA-BH-A0HP	TCGA-BH-A0HP-01	brca_tcga_pub	Breast Cancer	161	0.1767	65.0	Female	
TCGA-BH-A0HQ	TCGA-BH-A0HQ-01	brca_tcga_pub	Breast Cancer	21	0.1281	56.0	Female	
TCGA-BH-A0HU	TCGA-BH-A0HU-01	brca_tcga_pub	Breast Cancer	35	0.3924	52.0	Female	
TCGA-BH-A0HW	TCGA-BH-A0HW-01	brca_tcga_pub	Breast Cancer	32	0.2300	62.0	Female	
TCGA-BH-A0HX	TCGA-BH-A0HX-01	brca_tcga_pub	Breast Cancer	41	0.5678	54.0	Female	
TCGA-BH-A0HY	TCGA-BH-A0HY-01	brca_tcga_pub	Breast Cancer	39	0.6304	60.0	Female	
TCGA-BH-A0RX	TCGA-BH-A0RX-01	brca_tcga_pub	Breast Cancer	17	0.0950	59.0	Female	
TCGA-BH-A0W3	TCGA-BH-A0W3-01	brca_tcga_pub	Breast Cancer	14	0.1333	58.0	Female	
TCGA-BH-A0W4	TCGA-BH-A0W4-01	brca_tcga_pub	Breast Cancer	39	0.0207	46.0	Female	
TCGA-BH-A0W5	TCGA-BH-A0W5-01	brca_tcga_pub	Breast Cancer	23	0.0719	77.0	Female	
TCGA-BH-A0W7	TCGA-BH-A0W7-01	brca_tcga_pub	Breast Cancer	127	0.3048	49.0	Female	
TCGA-BH-A0WA	TCGA-BH-A0WA-01	brca_tcga_pub	Breast Cancer	68	0.6060	82.0	Female	
TCGA-BH-A18F	TCGA-BH-A18F-01	brca_tcga_pub	Breast Cancer	40	0.2284	50.0	Female	
TCGA-BH-A18G	TCGA-BH-A18G-01	brca_tcga_pub	Breast Cancer		0.0710	81.0	Female	
TCGA-BH-A18H	TCGA-BH-A18H-01	brca_tcga_pub	Breast Cancer	24	0.2630	63.0	Female	
TCGA-BH-A18I	TCGA-BH-A18I-01	brca_tcga_pub	Breast Cancer	20	0.1460	53.0	Female	
TCGA-BH-A18J	TCGA-BH-A18J-01	brca_tcga_pub	Breast Cancer	51	0.2358	56.0	Female	
TCGA-BH-A18K	TCGA-BH-A18K-01	brca_tcga_pub	Breast Cancer	33	0.4274	46.0	Female	
TCGA-BH-A18L	TCGA-BH-A18L-01	brca_tcga_pub	Breast Cancer	28	0.5814	50.0	Female	
TCGA-BH-A18M	TCGA-BH-A18M-01	brca_tcga_pub	Breast Cancer	20	0.1771	39.0	Female	
TCGA-BH-A18N	TCGA-BH-A18N-01	brca_tcga_pub	Breast Cancer	29	0.1399	88.0	Female	
TCGA-BH-A18P	TCGA-BH-A18P-01	brca_tcga_pub	Breast Cancer	230	0.1673	60.0	Female	
TCGA-BH-A18Q	TCGA-BH-A18Q-01	brca_tcga_pub	Breast Cancer	66	0.7399	56.0	Female	
TCGA-BH-A18R	TCGA-BH-A18R-01	brca_tcga_pub	Breast Cancer	19	0.2866	50.0	Female	
TCGA-BH-A18S	TCGA-BH-A18S-01	brca_tcga_pub	Breast Cancer	18	0.1516	79.0	Female	
TCGA-BH-A18T	TCGA-BH-A18T-01	brca_tcga_pub	Breast Cancer	54	0.6652	70.0	Female	
TCGA-BH-A18U	TCGA-BH-A18U-01	brca_tcga_pub	Breast Cancer	63	0.6182	72.0	Female	
TCGA-BH-A18V	TCGA-BH-A18V-01	brca_tcga_pub	Breast Cancer	150	0.7015	48.0	Female	
TCGA-BH-A1EN	TCGA-BH-A1EN-01	brca_tcga_pub	Breast Cancer		0.6267	78.0	Female	
TCGA-BH-A1EO	TCGA-BH-A1EO-01	brca_tcga_pub	Breast Cancer	34	0.2619	68.0	Female	
TCGA-BH-A1ES	TCGA-BH-A1ES-01	brca_tcga_pub	Breast Cancer	16	0.2309	35.0	Female	
TCGA-BH-A1ET	TCGA-BH-A1ET-01	brca_tcga_pub	Breast Cancer	18	0.0892	55.0	Female	
TCGA-BH-A1EU	TCGA-BH-A1EU-01	brca_tcga_pub	Breast Cancer	17	0.1179	83.0	Female	
TCGA-BH-A1EV	TCGA-BH-A1EV-01	brca_tcga_pub	Breast Cancer	77	0.4189	45.0	Female	
TCGA-BH-A1EW	TCGA-BH-A1EW-01	brca_tcga_pub	Breast Cancer	16	0.3453	38.0	Female	
TCGA-BH-A1EX	TCGA-BH-A1EX-01	brca_tcga_pub	Breast Cancer		0.2258	67.0	Female	
TCGA-BH-A1EY	TCGA-BH-A1EY-01	brca_tcga_pub	Breast Cancer		0.3632	79.0	Female	
TCGA-BH-A1F0	TCGA-BH-A1F0-01	brca_tcga_pub	Breast Cancer	15	0.0288	80.0	Female	
TCGA-BH-A1F2	TCGA-BH-A1F2-01	brca_tcga_pub	Breast Cancer		0.4715	53.0	Female	
TCGA-BH-A1F5	TCGA-BH-A1F5-01	brca_tcga_pub	Breast Cancer		0.1457	62.0	Female	
TCGA-BH-A1F6	TCGA-BH-A1F6-01	brca_tcga_pub	Breast Cancer		0.5787	51.0	Female	
TCGA-BH-A1F8	TCGA-BH-A1F8-01	brca_tcga_pub	Breast Cancer		0.9971	90.0	Female	
TCGA-BH-A1FB	TCGA-BH-A1FB-01	brca_tcga_pub	Breast Cancer		0.0542	60.0	Female	
TCGA-BH-A1FC	TCGA-BH-A1FC-01	brca_tcga_pub	Breast Cancer		0.4675	78.0	Female	
TCGA-BH-A1FD	TCGA-BH-A1FD-01	brca_tcga_pub	Breast Cancer		0.4385	68.0	Female	
TCGA-BH-A1FE	TCGA-BH-A1FE-01	brca_tcga_pub	Breast Cancer		0.1298	31.0	Female	
TCGA-BH-A1FG	TCGA-BH-A1FG-01	brca_tcga_pub	Breast Cancer		0.1163	88.0	Female	
TCGA-BH-A1FH	TCGA-BH-A1FH-01	brca_tcga_pub	Breast Cancer		0.0222	47.0	Female	
TCGA-BH-A1FJ	TCGA-BH-A1FJ-01	brca_tcga_pub	Breast Cancer		0.1001	66.0	Female	
TCGA-BH-A1FL	TCGA-BH-A1FL-01	brca_tcga_pub	Breast Cancer		0.0908	69.0	Female	
TCGA-BH-A1FM	TCGA-BH-A1FM-01	brca_tcga_pub	Breast Cancer		0.5273	44.0	Female	
TCGA-BH-A1FN	TCGA-BH-A1FN-01	brca_tcga_pub	Breast Cancer		0.5352	34.0	Female	
TCGA-BH-A1FR	TCGA-BH-A1FR-01	brca_tcga_pub	Breast Cancer		0.0005	73.0	Female	
TCGA-BH-A1FU	TCGA-BH-A1FU-01	brca_tcga_pub	Breast Cancer		0.0641	44.0	Female	
TCGA-BH-A201	TCGA-BH-A201-01	brca_tcga_pub	Breast Cancer		0.1268	64.0	Female	
TCGA-BH-A202	TCGA-BH-A202-01	brca_tcga_pub	Breast Cancer		0.2689	60.0	Female	
TCGA-BH-A203	TCGA-BH-A203-01	brca_tcga_pub	Breast Cancer		0.3623	78.0	Female	
TCGA-BH-A204	TCGA-BH-A204-01	brca_tcga_pub	Breast Cancer		0.2346	80.0	Female	
TCGA-BH-A208	TCGA-BH-A208-01	brca_tcga_pub	Breast Cancer		0.1644	48.0	Female	
TCGA-BH-A209	TCGA-BH-A209-01	brca_tcga_pub	Breast Cancer		0.3066	77.0	Female	
TCGA-BH-A28Q	TCGA-BH-A28Q-01	brca_tcga_pub	Breast Cancer		0.1605	46.0	Female	
TCGA-C8-A12K	TCGA-C8-A12K-01	brca_tcga_pub	Breast Cancer	82	0.4856	80.0	Female	
TCGA-C8-A12L	TCGA-C8-A12L-01	brca_tcga_pub	Breast Cancer	66	0.6096	67.0	Female	
TCGA-C8-A12M	TCGA-C8-A12M-01	brca_tcga_pub	Breast Cancer	44	0.4491	70.0	Female	
TCGA-C8-A12N	TCGA-C8-A12N-01	brca_tcga_pub	Breast Cancer	16	0.0757	58.0	Female	
TCGA-C8-A12O	TCGA-C8-A12O-01	brca_tcga_pub	Breast Cancer	27		50.0	Female	
TCGA-C8-A12P	TCGA-C8-A12P-01	brca_tcga_pub	Breast Cancer	120	0.3385	55.0	Female	
TCGA-C8-A12Q	TCGA-C8-A12Q-01	brca_tcga_pub	Breast Cancer	83	0.4088	78.0	Female	
TCGA-C8-A12T	TCGA-C8-A12T-01	brca_tcga_pub	Breast Cancer	123	0.2311	43.0	Female	
TCGA-C8-A12U	TCGA-C8-A12U-01	brca_tcga_pub	Breast Cancer	38	0.5344	46.0	Female	
TCGA-C8-A12V	TCGA-C8-A12V-01	brca_tcga_pub	Breast Cancer	18	0.0027	55.0	Female	
TCGA-C8-A12W	TCGA-C8-A12W-01	brca_tcga_pub	Breast Cancer	36	0.3504	49.0	Female	
TCGA-C8-A12X	TCGA-C8-A12X-01	brca_tcga_pub	Breast Cancer	41	0.2971	62.0	Female	
TCGA-C8-A12Y	TCGA-C8-A12Y-01	brca_tcga_pub	Breast Cancer	24	0.2329	44.0	Female	
TCGA-C8-A12Z	TCGA-C8-A12Z-01	brca_tcga_pub	Breast Cancer	37	0.2697	45.0	Female	
TCGA-C8-A130	TCGA-C8-A130-01	brca_tcga_pub	Breast Cancer	28	0.5081	52.0	Female	
TCGA-C8-A131	TCGA-C8-A131-01	brca_tcga_pub	Breast Cancer	42	0.2303	82.0	Female	
TCGA-C8-A132	TCGA-C8-A132-01	brca_tcga_pub	Breast Cancer	44	0.1483	56.0	Female	
TCGA-C8-A133	TCGA-C8-A133-01	brca_tcga_pub	Breast Cancer	17	0.0053	65.0	Female	
TCGA-C8-A134	TCGA-C8-A134-01	brca_tcga_pub	Breast Cancer	72	0.4432	52.0	Female	
TCGA-C8-A135	TCGA-C8-A135-01	brca_tcga_pub	Breast Cancer	43	0.2977	64.0	Female	
TCGA-C8-A137	TCGA-C8-A137-01	brca_tcga_pub	Breast Cancer	39	0.2233	34.0	Female	
TCGA-C8-A138	TCGA-C8-A138-01	brca_tcga_pub	Breast Cancer	42	0.3556	54.0	Female	
TCGA-C8-A1HE	TCGA-C8-A1HE-01	brca_tcga_pub	Breast Cancer		0.1178	59.0	Female	
TCGA-C8-A1HF	TCGA-C8-A1HF-01	brca_tcga_pub	Breast Cancer	22	0.2475	48.0	Female	
TCGA-C8-A1HG	TCGA-C8-A1HG-01	brca_tcga_pub	Breast Cancer	30	0.3587	50.0	Female	
TCGA-C8-A1HI	TCGA-C8-A1HI-01	brca_tcga_pub	Breast Cancer	27	0.2579	40.0	Female	
TCGA-C8-A1HJ	TCGA-C8-A1HJ-01	brca_tcga_pub	Breast Cancer		0.5135	53.0	Female	
TCGA-C8-A1HK	TCGA-C8-A1HK-01	brca_tcga_pub	Breast Cancer		0.5180	53.0	Female	
TCGA-C8-A1HL	TCGA-C8-A1HL-01	brca_tcga_pub	Breast Cancer	28	0.2376	38.0	Female	
TCGA-C8-A1HM	TCGA-C8-A1HM-01	brca_tcga_pub	Breast Cancer	238	0.5116	74.0	Female	
TCGA-C8-A1HN	TCGA-C8-A1HN-01	brca_tcga_pub	Breast Cancer	36	0.4360	56.0	Female	
TCGA-C8-A1HO	TCGA-C8-A1HO-01	brca_tcga_pub	Breast Cancer		0.3198	34.0	Female	
TCGA-C8-A26V	TCGA-C8-A26V-01	brca_tcga_pub	Breast Cancer		0.1835	47.0	Female	
TCGA-C8-A26W	TCGA-C8-A26W-01	brca_tcga_pub	Breast Cancer		0.3238	58.0	Female	
TCGA-C8-A26X	TCGA-C8-A26X-01	brca_tcga_pub	Breast Cancer		0.3564	58.0	Female	
TCGA-C8-A26Y	TCGA-C8-A26Y-01	brca_tcga_pub	Breast Cancer		0.5880	90.0	Female	
TCGA-C8-A26Z	TCGA-C8-A26Z-01	brca_tcga_pub	Breast Cancer		0.5299	59.0	Female	
TCGA-C8-A273	TCGA-C8-A273-01	brca_tcga_pub	Breast Cancer		0.2254	29.0	Female	
TCGA-C8-A274	TCGA-C8-A274-01	brca_tcga_pub	Breast Cancer		0.4187	63.0	Female	
TCGA-C8-A275	TCGA-C8-A275-01	brca_tcga_pub	Breast Cancer		0.2019	56.0	Female	
TCGA-C8-A278	TCGA-C8-A278-01	brca_tcga_pub	Breast Cancer		0.1661	61.0	Female	
TCGA-C8-A27A	TCGA-C8-A27A-01	brca_tcga_pub	Breast Cancer		0.3008	48.0	Female	
TCGA-C8-A27B	TCGA-C8-A27B-01	brca_tcga_pub	Breast Cancer		0.7389	48.0	Female	
TCGA-D8-A13Y	TCGA-D8-A13Y-01	brca_tcga_pub	Breast Cancer	52	0.9470	52.0	Female	
TCGA-D8-A13Z	TCGA-D8-A13Z-01	brca_tcga_pub	Breast Cancer	63	0.4986	51.0	Female	
TCGA-D8-A140	TCGA-D8-A140-01	brca_tcga_pub	Breast Cancer	69		62.0	Female	
TCGA-D8-A141	TCGA-D8-A141-01	brca_tcga_pub	Breast Cancer	16	0.0490	40.0	Female	
TCGA-D8-A142	TCGA-D8-A142-01	brca_tcga_pub	Breast Cancer	52	0.5222	74.0	Female	
TCGA-D8-A143	TCGA-D8-A143-01	brca_tcga_pub	Breast Cancer	39	0.5356	51.0	Female	
TCGA-D8-A145	TCGA-D8-A145-01	brca_tcga_pub	Breast Cancer	26	0.0845	80.0	Female	
TCGA-D8-A146	TCGA-D8-A146-01	brca_tcga_pub	Breast Cancer		0.1640	57.0	Female	
TCGA-D8-A147	TCGA-D8-A147-01	brca_tcga_pub	Breast Cancer	105	0.5742	45.0	Female	
TCGA-D8-A1J8	TCGA-D8-A1J8-01	brca_tcga_pub	Breast Cancer		0.8977	77.0	Female	
TCGA-D8-A1J9	TCGA-D8-A1J9-01	brca_tcga_pub	Breast Cancer		0.3573	48.0	Female	
TCGA-D8-A1JA	TCGA-D8-A1JA-01	brca_tcga_pub	Breast Cancer		0.2448	60.0	Female	
TCGA-D8-A1JB	TCGA-D8-A1JB-01	brca_tcga_pub	Breast Cancer		0.0338	54.0	Female	
TCGA-D8-A1JC	TCGA-D8-A1JC-01	brca_tcga_pub	Breast Cancer		0.3667	59.0	Female	
TCGA-D8-A1JD	TCGA-D8-A1JD-01	brca_tcga_pub	Breast Cancer		0.4688	41.0	Female	
TCGA-D8-A1JE	TCGA-D8-A1JE-01	brca_tcga_pub	Breast Cancer		0.6207	62.0	Female	
TCGA-D8-A1JF	TCGA-D8-A1JF-01	brca_tcga_pub	Breast Cancer		0.4140	79.0	Female	
TCGA-D8-A1JG	TCGA-D8-A1JG-01	brca_tcga_pub	Breast Cancer		0.2687	62.0	Female	
TCGA-D8-A1JH	TCGA-D8-A1JH-01	brca_tcga_pub	Breast Cancer		0.0001	56.0	Female	
TCGA-D8-A1JI	TCGA-D8-A1JI-01	brca_tcga_pub	Breast Cancer		0.3900	54.0	Female	
TCGA-D8-A1JJ	TCGA-D8-A1JJ-01	brca_tcga_pub	Breast Cancer		0.4374	54.0	Female	
TCGA-D8-A1JK	TCGA-D8-A1JK-01	brca_tcga_pub	Breast Cancer		0.4906	90.0	Female	
TCGA-D8-A1JL	TCGA-D8-A1JL-01	brca_tcga_pub	Breast Cancer		0.3656	72.0	Female	
TCGA-D8-A1JM	TCGA-D8-A1JM-01	brca_tcga_pub	Breast Cancer		0.6736	59.0	Female	
TCGA-D8-A1JN	TCGA-D8-A1JN-01	brca_tcga_pub	Breast Cancer		0.1263	80.0	Female	
TCGA-D8-A1JP	TCGA-D8-A1JP-01	brca_tcga_pub	Breast Cancer		0.4267	73.0	Female	
TCGA-D8-A1JS	TCGA-D8-A1JS-01	brca_tcga_pub	Breast Cancer		0.0619	77.0	Female	
TCGA-D8-A1JT	TCGA-D8-A1JT-01	brca_tcga_pub	Breast Cancer		0.4147	70.0	Female	
TCGA-D8-A1JU	TCGA-D8-A1JU-01	brca_tcga_pub	Breast Cancer		0.1035	51.0	Female	
TCGA-D8-A1X5	TCGA-D8-A1X5-01	brca_tcga_pub	Breast Cancer		0.6310	81.0	Female	
TCGA-D8-A1X6	TCGA-D8-A1X6-01	brca_tcga_pub	Breast Cancer		0.3619	80.0	Female	
TCGA-D8-A1X7	TCGA-D8-A1X7-01	brca_tcga_pub	Breast Cancer		0.0853	40.0	Female	
TCGA-D8-A1X8	TCGA-D8-A1X8-01	brca_tcga_pub	Breast Cancer		0.1153	62.0	Female	
TCGA-D8-A1X9	TCGA-D8-A1X9-01	brca_tcga_pub	Breast Cancer		0.2815	66.0	Female	
TCGA-D8-A1XA	TCGA-D8-A1XA-01	brca_tcga_pub	Breast Cancer		0.8612	64.0	Female	
TCGA-D8-A1XB	TCGA-D8-A1XB-01	brca_tcga_pub	Breast Cancer		0.2170	62.0	Female	
TCGA-D8-A1XC	TCGA-D8-A1XC-01	brca_tcga_pub	Breast Cancer		0.0566	85.0	Female	
TCGA-D8-A1XD	TCGA-D8-A1XD-01	brca_tcga_pub	Breast Cancer		0.1480	36.0	Female	
TCGA-D8-A1XF	TCGA-D8-A1XF-01	brca_tcga_pub	Breast Cancer		0.6723	45.0	Female	
TCGA-D8-A1XG	TCGA-D8-A1XG-01	brca_tcga_pub	Breast Cancer		0.1533	86.0	Female	
TCGA-D8-A1XJ	TCGA-D8-A1XJ-01	brca_tcga_pub	Breast Cancer		0.3525	76.0	Female	
TCGA-D8-A1XK	TCGA-D8-A1XK-01	brca_tcga_pub	Breast Cancer		0.6388	55.0	Female	
TCGA-D8-A1XL	TCGA-D8-A1XL-01	brca_tcga_pub	Breast Cancer		0.5466	34.0	Female	
TCGA-D8-A1XM	TCGA-D8-A1XM-01	brca_tcga_pub	Breast Cancer		0.1667	57.0	Female	
TCGA-D8-A1XO	TCGA-D8-A1XO-01	brca_tcga_pub	Breast Cancer		0.2323	56.0	Female	
TCGA-D8-A1XQ	TCGA-D8-A1XQ-01	brca_tcga_pub	Breast Cancer		0.3387	69.0	Female	
TCGA-D8-A1XR	TCGA-D8-A1XR-01	brca_tcga_pub	Breast Cancer		0.2173	56.0	Female	
TCGA-D8-A1XS	TCGA-D8-A1XS-01	brca_tcga_pub	Breast Cancer		0.2212	48.0	Male	
TCGA-D8-A1XT	TCGA-D8-A1XT-01	brca_tcga_pub	Breast Cancer		0.3942	61.0	Female	
TCGA-D8-A1XU	TCGA-D8-A1XU-01	brca_tcga_pub	Breast Cancer		0.9465	56.0	Female	
TCGA-D8-A1XV	TCGA-D8-A1XV-01	brca_tcga_pub	Breast Cancer		0.0342	84.0	Female	
TCGA-D8-A1XW	TCGA-D8-A1XW-01	brca_tcga_pub	Breast Cancer		0.3797	53.0	Female	
TCGA-D8-A1XY	TCGA-D8-A1XY-01	brca_tcga_pub	Breast Cancer		0.3139	74.0	Female	
TCGA-D8-A1XZ	TCGA-D8-A1XZ-01	brca_tcga_pub	Breast Cancer		0.3560	81.0	Female	
TCGA-D8-A1Y0	TCGA-D8-A1Y0-01	brca_tcga_pub	Breast Cancer		0.3854	65.0	Female	
TCGA-D8-A1Y1	TCGA-D8-A1Y1-01	brca_tcga_pub	Breast Cancer		0.5329	80.0	Female	
TCGA-D8-A1Y2	TCGA-D8-A1Y2-01	brca_tcga_pub	Breast Cancer		0.3094	71.0	Female	
TCGA-D8-A1Y3	TCGA-D8-A1Y3-01	brca_tcga_pub	Breast Cancer		0.6120	61.0	Female	
TCGA-D8-A27E	TCGA-D8-A27E-01	brca_tcga_pub	Breast Cancer		0.0001	66.0	Female	
TCGA-D8-A27F	TCGA-D8-A27F-01	brca_tcga_pub	Breast Cancer		0.6698	40.0	Female	
TCGA-D8-A27G	TCGA-D8-A27G-01	brca_tcga_pub	Breast Cancer		0.1084	75.0	Female	
TCGA-D8-A27H	TCGA-D8-A27H-01	brca_tcga_pub	Breast Cancer		0.4824	72.0	Female	
TCGA-D8-A27I	TCGA-D8-A27I-01	brca_tcga_pub	Breast Cancer		0.0458	58.0	Female	
TCGA-D8-A27K	TCGA-D8-A27K-01	brca_tcga_pub	Breast Cancer		0.1153	47.0	Female	
TCGA-D8-A27L	TCGA-D8-A27L-01	brca_tcga_pub	Breast Cancer		0.1113	49.0	Female	
TCGA-D8-A27M	TCGA-D8-A27M-01	brca_tcga_pub	Breast Cancer		0.2982	59.0	Female	
TCGA-D8-A27N	TCGA-D8-A27N-01	brca_tcga_pub	Breast Cancer		0.2527	36.0	Female	
TCGA-D8-A27P	TCGA-D8-A27P-01	brca_tcga_pub	Breast Cancer		0.0485	64.0	Female	
TCGA-D8-A27R	TCGA-D8-A27R-01	brca_tcga_pub	Breast Cancer		0.3549	41.0	Female	
TCGA-D8-A27T	TCGA-D8-A27T-01	brca_tcga_pub	Breast Cancer		0.1924	53.0	Female	
TCGA-D8-A27V	TCGA-D8-A27V-01	brca_tcga_pub	Breast Cancer		0.3774	62.0	Female	
TCGA-D8-A27W	TCGA-D8-A27W-01	brca_tcga_pub	Breast Cancer		0.4452	55.0	Female	
TCGA-E2-A105	TCGA-E2-A105-01	brca_tcga_pub	Breast Cancer	52	0.1353	79.0	Female	
TCGA-E2-A106	TCGA-E2-A106-01	brca_tcga_pub	Breast Cancer			34.0	Female	
TCGA-E2-A107	TCGA-E2-A107-01	brca_tcga_pub	Breast Cancer	22	0.3303	54.0	Female	
TCGA-E2-A108	TCGA-E2-A108-01	brca_tcga_pub	Breast Cancer	44	0.0338	64.0	Female	
TCGA-E2-A109	TCGA-E2-A109-01	brca_tcga_pub	Breast Cancer	68	0.4427	64.0	Female	
TCGA-E2-A10A	TCGA-E2-A10A-01	brca_tcga_pub	Breast Cancer	17	0.2109	41.0	Female	
TCGA-E2-A10B	TCGA-E2-A10B-01	brca_tcga_pub	Breast Cancer	30	0.2365	67.0	Female	
TCGA-E2-A10C	TCGA-E2-A10C-01	brca_tcga_pub	Breast Cancer	284	0.5337	54.0	Female	
TCGA-E2-A10E	TCGA-E2-A10E-01	brca_tcga_pub	Breast Cancer	24	0.1522	64.0	Female	
TCGA-E2-A10F	TCGA-E2-A10F-01	brca_tcga_pub	Breast Cancer	26	0.1319	47.0	Female	
TCGA-E2-A14N	TCGA-E2-A14N-01	brca_tcga_pub	Breast Cancer	47	0.0848	37.0	Female	
TCGA-E2-A14O	TCGA-E2-A14O-01	brca_tcga_pub	Breast Cancer	35	0.7348	76.0	Female	
TCGA-E2-A14P	TCGA-E2-A14P-01	brca_tcga_pub	Breast Cancer	57	0.2736	79.0	Female	
TCGA-E2-A14Q	TCGA-E2-A14Q-01	brca_tcga_pub	Breast Cancer	25	0.1835	50.0	Female	
TCGA-E2-A14R	TCGA-E2-A14R-01	brca_tcga_pub	Breast Cancer	110	0.7127	62.0	Female	
TCGA-E2-A14S	TCGA-E2-A14S-01	brca_tcga_pub	Breast Cancer	78	0.2502	65.0	Female	
TCGA-E2-A14T	TCGA-E2-A14T-01	brca_tcga_pub	Breast Cancer	30		52.0	Female	
TCGA-E2-A14V	TCGA-E2-A14V-01	brca_tcga_pub	Breast Cancer	66	0.3800	53.0	Female	
TCGA-E2-A14W	TCGA-E2-A14W-01	brca_tcga_pub	Breast Cancer	80	0.3133	78.0	Female	
TCGA-E2-A14X	TCGA-E2-A14X-01	brca_tcga_pub	Breast Cancer	18	0.3320	55.0	Female	
TCGA-E2-A14Y	TCGA-E2-A14Y-01	brca_tcga_pub	Breast Cancer	24	0.2263	35.0	Female	
TCGA-E2-A14Z	TCGA-E2-A14Z-01	brca_tcga_pub	Breast Cancer	47	0.4779	64.0	Female	
TCGA-E2-A150	TCGA-E2-A150-01	brca_tcga_pub	Breast Cancer	35	0.6710	48.0	Female	
TCGA-E2-A152	TCGA-E2-A152-01	brca_tcga_pub	Breast Cancer	98	0.6421	56.0	Female	
TCGA-E2-A153	TCGA-E2-A153-01	brca_tcga_pub	Breast Cancer	20	0.1942	51.0	Female	
TCGA-E2-A154	TCGA-E2-A154-01	brca_tcga_pub	Breast Cancer	31	0.3826	68.0	Female	
TCGA-E2-A155	TCGA-E2-A155-01	brca_tcga_pub	Breast Cancer	43	0.2209	58.0	Female	
TCGA-E2-A156	TCGA-E2-A156-01	brca_tcga_pub	Breast Cancer	22	0.0482	61.0	Female	
TCGA-E2-A158	TCGA-E2-A158-01	brca_tcga_pub	Breast Cancer	68	0.4764	43.0	Female	
TCGA-E2-A159	TCGA-E2-A159-01	brca_tcga_pub	Breast Cancer	115	0.3468	50.0	Female	
TCGA-E2-A15A	TCGA-E2-A15A-01	brca_tcga_pub	Breast Cancer	48	0.4767	45.0	Female	
TCGA-E2-A15C	TCGA-E2-A15C-01	brca_tcga_pub	Breast Cancer	25	0.1347	61.0	Female	
TCGA-E2-A15D	TCGA-E2-A15D-01	brca_tcga_pub	Breast Cancer	27		47.0	Female	
TCGA-E2-A15E	TCGA-E2-A15E-01	brca_tcga_pub	Breast Cancer	35	0.2998	40.0	Female	
TCGA-E2-A15F	TCGA-E2-A15F-01	brca_tcga_pub	Breast Cancer	19		64.0	Female	
TCGA-E2-A15G	TCGA-E2-A15G-01	brca_tcga_pub	Breast Cancer	39	0.0763	76.0	Female	
TCGA-E2-A15H	TCGA-E2-A15H-01	brca_tcga_pub	Breast Cancer	25	0.1888	38.0	Female	
TCGA-E2-A15I	TCGA-E2-A15I-01	brca_tcga_pub	Breast Cancer	12	0.1498	44.0	Female	
TCGA-E2-A15J	TCGA-E2-A15J-01	brca_tcga_pub	Breast Cancer	22	0.1094	51.0	Female	
TCGA-E2-A15K	TCGA-E2-A15K-01	brca_tcga_pub	Breast Cancer	45	0.1946	58.0	Female	
TCGA-E2-A15L	TCGA-E2-A15L-01	brca_tcga_pub	Breast Cancer	26	0.1145	65.0	Female	
TCGA-E2-A15M	TCGA-E2-A15M-01	brca_tcga_pub	Breast Cancer	56	0.2774	66.0	Female	
TCGA-E2-A15O	TCGA-E2-A15O-01	brca_tcga_pub	Breast Cancer	34	0.2935	89.0	Female	
TCGA-E2-A15P	TCGA-E2-A15P-01	brca_tcga_pub	Breast Cancer	37	0.1936	61.0	Female	
TCGA-E2-A15R	TCGA-E2-A15R-01	brca_tcga_pub	Breast Cancer	33	0.3571	64.0	Female	
TCGA-E2-A15S	TCGA-E2-A15S-01	brca_tcga_pub	Breast Cancer	35		34.0	Female	
TCGA-E2-A15T	TCGA-E2-A15T-01	brca_tcga_pub	Breast Cancer	36		65.0	Female	
TCGA-E2-A1AZ	TCGA-E2-A1AZ-01	brca_tcga_pub	Breast Cancer	37	0.2665	63.0	Female	
TCGA-E2-A1B0	TCGA-E2-A1B0-01	brca_tcga_pub	Breast Cancer	30	0.2357	50.0	Female	
TCGA-E2-A1B1	TCGA-E2-A1B1-01	brca_tcga_pub	Breast Cancer	12	0.0269	45.0	Female	
TCGA-E2-A1B4	TCGA-E2-A1B4-01	brca_tcga_pub	Breast Cancer	34	0.0302	74.0	Female	
TCGA-E2-A1B5	TCGA-E2-A1B5-01	brca_tcga_pub	Breast Cancer	13	0.0291	46.0	Female	
TCGA-E2-A1B6	TCGA-E2-A1B6-01	brca_tcga_pub	Breast Cancer	11	0.0002	44.0	Female	
TCGA-E2-A1BC	TCGA-E2-A1BC-01	brca_tcga_pub	Breast Cancer	23	0.1381	63.0	Female	
TCGA-E2-A1BD	TCGA-E2-A1BD-01	brca_tcga_pub	Breast Cancer	24	0.4632	53.0	Female	
TCGA-E2-A1IE	TCGA-E2-A1IE-01	brca_tcga_pub	Breast Cancer		0.2631	61.0	Female	
TCGA-E2-A1IF	TCGA-E2-A1IF-01	brca_tcga_pub	Breast Cancer		0.1180	74.0	Female	
TCGA-E2-A1IG	TCGA-E2-A1IG-01	brca_tcga_pub	Breast Cancer		0.1263	45.0	Female	
TCGA-E2-A1IH	TCGA-E2-A1IH-01	brca_tcga_pub	Breast Cancer		0.3813	80.0	Female	
TCGA-E2-A1II	TCGA-E2-A1II-01	brca_tcga_pub	Breast Cancer		0.5139	51.0	Female	
TCGA-E2-A1IJ	TCGA-E2-A1IJ-01	brca_tcga_pub	Breast Cancer		0.1163	57.0	Female	
TCGA-E2-A1IK	TCGA-E2-A1IK-01	brca_tcga_pub	Breast Cancer		0.0000	71.0	Female	
TCGA-E2-A1IL	TCGA-E2-A1IL-01	brca_tcga_pub	Breast Cancer		0.1685	78.0	Female	
TCGA-E2-A1IN	TCGA-E2-A1IN-01	brca_tcga_pub	Breast Cancer		0.4490	60.0	Female	
TCGA-E2-A1IO	TCGA-E2-A1IO-01	brca_tcga_pub	Breast Cancer		0.4112	37.0	Female	
TCGA-E2-A1IP	TCGA-E2-A1IP-01	brca_tcga_pub	Breast Cancer			42.0	Female	
TCGA-E2-A1IU	TCGA-E2-A1IU-01	brca_tcga_pub	Breast Cancer		0.0515	60.0	Female	
TCGA-E2-A1L6	TCGA-E2-A1L6-01	brca_tcga_pub	Breast Cancer		0.1288	44.0	Female	
TCGA-E2-A1L7	TCGA-E2-A1L7-01	brca_tcga_pub	Breast Cancer		0.4586	40.0	Female	
TCGA-E2-A1L8	TCGA-E2-A1L8-01	brca_tcga_pub	Breast Cancer		0.1645	52.0	Female	
TCGA-E2-A1L9	TCGA-E2-A1L9-01	brca_tcga_pub	Breast Cancer		0.0944	40.0	Female	
TCGA-E2-A1LA	TCGA-E2-A1LA-01	brca_tcga_pub	Breast Cancer		0.3391	59.0	Female	
TCGA-E2-A1LB	TCGA-E2-A1LB-01	brca_tcga_pub	Breast Cancer		0.1072	41.0	Female	
TCGA-E2-A1LG	TCGA-E2-A1LG-01	brca_tcga_pub	Breast Cancer		0.5605	50.0	Female	
TCGA-E2-A1LH	TCGA-E2-A1LH-01	brca_tcga_pub	Breast Cancer		0.1889	59.0	Female	
TCGA-E2-A1LI	TCGA-E2-A1LI-01	brca_tcga_pub	Breast Cancer		0.4015	57.0	Female	
TCGA-E2-A1LK	TCGA-E2-A1LK-01	brca_tcga_pub	Breast Cancer		0.3805	84.0	Female	
TCGA-E2-A1LL	TCGA-E2-A1LL-01	brca_tcga_pub	Breast Cancer		0.3672	73.0	Female	
TCGA-E2-A1LS	TCGA-E2-A1LS-01	brca_tcga_pub	Breast Cancer			46.0	Female	
TCGA-E9-A1N3	TCGA-E9-A1N3-01	brca_tcga_pub	Breast Cancer		0.0779	70.0	Female	
TCGA-E9-A1N4	TCGA-E9-A1N4-01	brca_tcga_pub	Breast Cancer		0.1888	41.0	Female	
TCGA-E9-A1N5	TCGA-E9-A1N5-01	brca_tcga_pub	Breast Cancer		0.1846	45.0	Female	
TCGA-E9-A1N6	TCGA-E9-A1N6-01	brca_tcga_pub	Breast Cancer		0.2459	52.0	Female	
TCGA-E9-A1N8	TCGA-E9-A1N8-01	brca_tcga_pub	Breast Cancer		0.7276	48.0	Female	
TCGA-E9-A1N9	TCGA-E9-A1N9-01	brca_tcga_pub	Breast Cancer		0.4243	58.0	Female	
TCGA-E9-A1NA	TCGA-E9-A1NA-01	brca_tcga_pub	Breast Cancer		0.3875	58.0	Female	
TCGA-E9-A1NC	TCGA-E9-A1NC-01	brca_tcga_pub	Breast Cancer		0.4230	61.0	Female	
TCGA-E9-A1ND	TCGA-E9-A1ND-01	brca_tcga_pub	Breast Cancer		0.1313	75.0	Female	
TCGA-E9-A1NE	TCGA-E9-A1NE-01	brca_tcga_pub	Breast Cancer		0.0132	28.0	Female	
TCGA-E9-A1NF	TCGA-E9-A1NF-01	brca_tcga_pub	Breast Cancer		0.4963	60.0	Female	
TCGA-E9-A1NG	TCGA-E9-A1NG-01	brca_tcga_pub	Breast Cancer		0.0874	62.0	Female	
TCGA-E9-A1NH	TCGA-E9-A1NH-01	brca_tcga_pub	Breast Cancer		0.1230	71.0	Female	
TCGA-E9-A1NI	TCGA-E9-A1NI-01	brca_tcga_pub	Breast Cancer		0.3954	51.0	Female	
TCGA-E9-A1QZ	TCGA-E9-A1QZ-01	brca_tcga_pub	Breast Cancer		0.1040	61.0	Female	
TCGA-E9-A1R0	TCGA-E9-A1R0-01	brca_tcga_pub	Breast Cancer		0.0970	58.0	Female	
TCGA-E9-A1R2	TCGA-E9-A1R2-01	brca_tcga_pub	Breast Cancer		0.3226	51.0	Female	
TCGA-E9-A1R3	TCGA-E9-A1R3-01	brca_tcga_pub	Breast Cancer		0.3326	70.0	Female	
TCGA-E9-A1R4	TCGA-E9-A1R4-01	brca_tcga_pub	Breast Cancer		0.3172	66.0	Female	
TCGA-E9-A1R5	TCGA-E9-A1R5-01	brca_tcga_pub	Breast Cancer		0.2577	63.0	Female	
TCGA-E9-A1R6	TCGA-E9-A1R6-01	brca_tcga_pub	Breast Cancer		0.4507	63.0	Female	
TCGA-E9-A1R7	TCGA-E9-A1R7-01	brca_tcga_pub	Breast Cancer		0.3827	64.0	Female	
TCGA-E9-A1RA	TCGA-E9-A1RA-01	brca_tcga_pub	Breast Cancer		0.0886	48.0	Female	
TCGA-E9-A1RB	TCGA-E9-A1RB-01	brca_tcga_pub	Breast Cancer		0.6044	40.0	Female	
TCGA-E9-A1RC	TCGA-E9-A1RC-01	brca_tcga_pub	Breast Cancer		0.2996	56.0	Female	
TCGA-E9-A1RD	TCGA-E9-A1RD-01	brca_tcga_pub	Breast Cancer		0.2262	67.0	Female	
TCGA-E9-A1RE	TCGA-E9-A1RE-01	brca_tcga_pub	Breast Cancer		0.5125	74.0	Female	
TCGA-E9-A1RF	TCGA-E9-A1RF-01	brca_tcga_pub	Breast Cancer		0.4068	68.0	Female	
TCGA-E9-A1RG	TCGA-E9-A1RG-01	brca_tcga_pub	Breast Cancer		0.6107	62.0	Female	
TCGA-E9-A1RH	TCGA-E9-A1RH-01	brca_tcga_pub	Breast Cancer		0.4291	63.0	Female	
TCGA-E9-A1RI	TCGA-E9-A1RI-01	brca_tcga_pub	Breast Cancer		0.1189	43.0	Female	
TCGA-E9-A226	TCGA-E9-A226-01	brca_tcga_pub	Breast Cancer		0.2557	45.0	Female	
TCGA-E9-A227	TCGA-E9-A227-01	brca_tcga_pub	Breast Cancer		0.0506	42.0	Female	
TCGA-E9-A228	TCGA-E9-A228-01	brca_tcga_pub	Breast Cancer		0.1701	58.0	Female	
TCGA-E9-A229	TCGA-E9-A229-01	brca_tcga_pub	Breast Cancer		0.1635	37.0	Female	
TCGA-E9-A22A	TCGA-E9-A22A-01	brca_tcga_pub	Breast Cancer		0.3124	74.0	Female	
TCGA-E9-A22B	TCGA-E9-A22B-01	brca_tcga_pub	Breast Cancer		0.2412	71.0	Female	
TCGA-E9-A22D	TCGA-E9-A22D-01	brca_tcga_pub	Breast Cancer		0.2295	38.0	Female	
TCGA-E9-A22E	TCGA-E9-A22E-01	brca_tcga_pub	Breast Cancer		0.4323	56.0	Female	
TCGA-E9-A22G	TCGA-E9-A22G-01	brca_tcga_pub	Breast Cancer		0.8768	47.0	Female	
TCGA-E9-A22H	TCGA-E9-A22H-01	brca_tcga_pub	Breast Cancer		0.1039	42.0	Female	
TCGA-E9-A243	TCGA-E9-A243-01	brca_tcga_pub	Breast Cancer		0.1011	52.0	Female	
TCGA-E9-A244	TCGA-E9-A244-01	brca_tcga_pub	Breast Cancer		0.3765	54.0	Female	
TCGA-E9-A245	TCGA-E9-A245-01	brca_tcga_pub	Breast Cancer		0.0345	47.0	Female	
TCGA-E9-A247	TCGA-E9-A247-01	brca_tcga_pub	Breast Cancer		0.7006	59.0	Female	
TCGA-E9-A248	TCGA-E9-A248-01	brca_tcga_pub	Breast Cancer		0.0790	51.0	Female	
TCGA-E9-A249	TCGA-E9-A249-01	brca_tcga_pub	Breast Cancer		0.4018	45.0	Female	
TCGA-E9-A24A	TCGA-E9-A24A-01	brca_tcga_pub	Breast Cancer		0.1266	69.0	Female	
TCGA-E9-A295	TCGA-E9-A295-01	brca_tcga_pub	Breast Cancer		0.4456			
TCGA-EW-A1IW	TCGA-EW-A1IW-01	brca_tcga_pub	Breast Cancer		0.1756	80.0	Female	
TCGA-EW-A1IX	TCGA-EW-A1IX-01	brca_tcga_pub	Breast Cancer		0.0676	48.0	Female	
TCGA-EW-A1IY	TCGA-EW-A1IY-01	brca_tcga_pub	Breast Cancer		0.0644	38.0	Female	
TCGA-EW-A1IZ	TCGA-EW-A1IZ-01	brca_tcga_pub	Breast Cancer		0.0078	53.0	Female	
TCGA-EW-A1J1	TCGA-EW-A1J1-01	brca_tcga_pub	Breast Cancer		0.2787	38.0	Female	
TCGA-EW-A1J2	TCGA-EW-A1J2-01	brca_tcga_pub	Breast Cancer		0.1378	50.0	Female	
TCGA-EW-A1J3	TCGA-EW-A1J3-01	brca_tcga_pub	Breast Cancer		0.1817	61.0	Female	
TCGA-EW-A1J5	TCGA-EW-A1J5-01	brca_tcga_pub	Breast Cancer		0.1777	59.0	Female	
TCGA-EW-A1J6	TCGA-EW-A1J6-01	brca_tcga_pub	Breast Cancer		0.9022	70.0	Female	
TCGA-EW-A1OV	TCGA-EW-A1OV-01	brca_tcga_pub	Breast Cancer		0.3884	56.0	Female	
TCGA-EW-A1OW	TCGA-EW-A1OW-01	brca_tcga_pub	Breast Cancer		0.4637	58.0	Female	
TCGA-EW-A1OX	TCGA-EW-A1OX-01	brca_tcga_pub	Breast Cancer		0.0924	43.0	Female	
TCGA-EW-A1OY	TCGA-EW-A1OY-01	brca_tcga_pub	Breast Cancer		0.5930	63.0	Female	
TCGA-EW-A1OZ	TCGA-EW-A1OZ-01	brca_tcga_pub	Breast Cancer		0.6261	56.0	Female	
TCGA-EW-A1P0	TCGA-EW-A1P0-01	brca_tcga_pub	Breast Cancer		0.2439	55.0	Female	
TCGA-EW-A1P1	TCGA-EW-A1P1-01	brca_tcga_pub	Breast Cancer		0.0008	68.0	Female	
TCGA-EW-A1P3	TCGA-EW-A1P3-01	brca_tcga_pub	Breast Cancer		0.2396	48.0	Female	
TCGA-EW-A1P4	TCGA-EW-A1P4-01	brca_tcga_pub	Breast Cancer		0.4697	43.0	Female	
TCGA-EW-A1P5	TCGA-EW-A1P5-01	brca_tcga_pub	Breast Cancer		0.2559	77.0	Female	
TCGA-EW-A1P6	TCGA-EW-A1P6-01	brca_tcga_pub	Breast Cancer		0.0919	64.0	Female	
TCGA-EW-A1P7	TCGA-EW-A1P7-01	brca_tcga_pub	Breast Cancer		0.0027	59.0	Female	
TCGA-EW-A1P8	TCGA-EW-A1P8-01	brca_tcga_pub	Breast Cancer		0.9462	58.0	Female	
TCGA-EW-A1PA	TCGA-EW-A1PA-01	brca_tcga_pub	Breast Cancer		0.3026	59.0	Female	
TCGA-EW-A1PB	TCGA-EW-A1PB-01	brca_tcga_pub	Breast Cancer		0.1579	70.0	Female	
TCGA-EW-A1PD	TCGA-EW-A1PD-01	brca_tcga_pub	Breast Cancer		0.3329	61.0	Male	
TCGA-EW-A1PE	TCGA-EW-A1PE-01	brca_tcga_pub	Breast Cancer		0.1758	56.0	Female	
TCGA-EW-A1PF	TCGA-EW-A1PF-01	brca_tcga_pub	Breast Cancer		0.2254	50.0	Female	
TCGA-EW-A1PG	TCGA-EW-A1PG-01	brca_tcga_pub	Breast Cancer		0.0004	53.0	Female	
TCGA-EW-A1PH	TCGA-EW-A1PH-01	brca_tcga_pub	Breast Cancer		0.4664	52.0	Female	
TCGA-EW-A2FS	TCGA-EW-A2FS-01	brca_tcga_pub	Breast Cancer		0.1908	41.0	Female	
TCGA-EW-A2FV	TCGA-EW-A2FV-01	brca_tcga_pub	Breast Cancer		0.1508	39.0	Female	
TCGA-EW-A2FW	TCGA-EW-A2FW-01	brca_tcga_pub	Breast Cancer		0.2122	52.0	Female	
TCGA-GI-A2C8	TCGA-GI-A2C8-01	brca_tcga_pub	Breast Cancer		0.5576			
TCGA-GM-A2D9	TCGA-GM-A2D9-01	brca_tcga_pub	Breast Cancer		0.1545	69.0	Female	
TCGA-GM-A2DA	TCGA-GM-A2DA-01	brca_tcga_pub	Breast Cancer		0.1413	46.0	Female	
TCGA-GM-A2DB	TCGA-GM-A2DB-01	brca_tcga_pub	Breast Cancer		0.2286	62.0	Female	
TCGA-GM-A2DC	TCGA-GM-A2DC-01	brca_tcga_pub	Breast Cancer		0.4130	57.0	Female	
TCGA-GM-A2DD	TCGA-GM-A2DD-01	brca_tcga_pub	Breast Cancer		0.1170	53.0	Female	
TCGA-GM-A2DF	TCGA-GM-A2DF-01	brca_tcga_pub	Breast Cancer		0.1934	53.0	Female	
TCGA-GM-A2DH	TCGA-GM-A2DH-01	brca_tcga_pub	Breast Cancer		0.2932	58.0	Female	
TCGA-GM-A2DI	TCGA-GM-A2DI-01	brca_tcga_pub	Breast Cancer		0.0143	52.0	Female	
TCGA-GM-A2DK	TCGA-GM-A2DK-01	brca_tcga_pub	Breast Cancer		0.1815	58.0	Female	
TCGA-GM-A2DL	TCGA-GM-A2DL-01	brca_tcga_pub	Breast Cancer		0.1835	50.0	Female	
TCGA-GM-A2DM	TCGA-GM-A2DM-01	brca_tcga_pub	Breast Cancer		0.0055	57.0	Female	
TCGA-GM-A2DN	TCGA-GM-A2DN-01	brca_tcga_pub	Breast Cancer		0.0649	58.0	Female	
TCGA-GM-A2DO	TCGA-GM-A2DO-01	brca_tcga_pub	Breast Cancer		0.0343	54.0	Female	
X01BR001	X01BR001	brca_cptac_2020		71		55	Female	Black or African American
X01BR008	X01BR008	brca_cptac_2020		122				
X01BR009	X01BR009	brca_cptac_2020		112				
X01BR010	X01BR010	brca_cptac_2020		78				
X01BR015	X01BR015	brca_cptac_2020		50		35	Female	White
X01BR017	X01BR017	brca_cptac_2020		128		45	Female	White
X01BR018	X01BR018	brca_cptac_2020		309		66	Female	White
X01BR020	X01BR020	brca_cptac_2020		86				
X01BR023	X01BR023	brca_cptac_2020		33				
X01BR025	X01BR025	brca_cptac_2020		11		62	Female	Black or African American
X01BR026	X01BR026	brca_cptac_2020		77				White
X01BR027	X01BR027	brca_cptac_2020		176		80	Female	Black or African American
X01BR030	X01BR030	brca_cptac_2020		64		84.16666667	Female	Black or African American
X01BR031	X01BR031	brca_cptac_2020		50		61.66666667	Female	Black or African American
X01BR032	X01BR032	brca_cptac_2020		27		46.41666667	Female	White
X01BR033	X01BR033	brca_cptac_2020		90		40.41666667	Female	Black or African American
X01BR040	X01BR040	brca_cptac_2020		42				Black or African American
X01BR042	X01BR042	brca_cptac_2020		91				Black or African American
X01BR043	X01BR043	brca_cptac_2020		7909				White
X03BR002	X03BR002	brca_cptac_2020		28		60.58333333	Female	White
X03BR004	X03BR004	brca_cptac_2020		51		88.66666667	Female	White
X03BR005	X03BR005	brca_cptac_2020		12		61.5	Female	White
X03BR006	X03BR006	brca_cptac_2020		95				White
X03BR010	X03BR010	brca_cptac_2020		58		78.58333333	Female	White
X03BR011	X03BR011	brca_cptac_2020		48				White
X03BR013	X03BR013	brca_cptac_2020		37		52.16666667	Female	
X05BR001	X05BR001	brca_cptac_2020		29		70	Female	White
X05BR003	X05BR003	brca_cptac_2020		69		37.58333333	Female	White
X05BR004	X05BR004	brca_cptac_2020		52				White
X05BR005	X05BR005	brca_cptac_2020		67		50	Female	White
X05BR009	X05BR009	brca_cptac_2020		97		64.33333333	Female	White
X05BR016	X05BR016	brca_cptac_2020		73		78.16666667	Female	White
X05BR026	X05BR026	brca_cptac_2020		35		71.5	Female	White
X05BR029	X05BR029	brca_cptac_2020		352		61.91666667	Female	White
X05BR038	X05BR038	brca_cptac_2020		383		52.25	Female	White
X05BR042	X05BR042	brca_cptac_2020		125		40	Female	White
X05BR043	X05BR043	brca_cptac_2020		146		50	Female	White
X05BR044	X05BR044	brca_cptac_2020		52		62.75	Female	White
X05BR045	X05BR045	brca_cptac_2020		65		60	Female	White
X06BR003	X06BR003	brca_cptac_2020		113		75	Female	Hispanic or Latino
X06BR005	X06BR005	brca_cptac_2020		57		58	Female	Hispanic or Latino
X06BR006	X06BR006	brca_cptac_2020		105		51	Female	Hispanic or Latino
X06BR014	X06BR014	brca_cptac_2020		26		51	Female	Hispanic or Latino
X09BR001	X09BR001	brca_cptac_2020		49				
X09BR004	X09BR004	brca_cptac_2020		59		75.33333333	Female	White
X09BR005	X09BR005	brca_cptac_2020		74		38.25	Female	White
X09BR007	X09BR007	brca_cptac_2020		51		77.5	Female	White
X11BR003	X11BR003	brca_cptac_2020		800		53.58333333	Female	Asian
X11BR004	X11BR004	brca_cptac_2020		39		54.5	Female	Asian
X11BR006	X11BR006	brca_cptac_2020		77		54.5	Female	Asian
X11BR009	X11BR009	brca_cptac_2020		131		44.16666667	Female	Asian
X11BR010	X11BR010	brca_cptac_2020		45		35.58333333	Female	Asian
X11BR011	X11BR011	brca_cptac_2020		44		71.5	Female	Asian
X11BR012	X11BR012	brca_cptac_2020		97		77	Female	White
X11BR013	X11BR013	brca_cptac_2020		63		70	Female	White
X11BR014	X11BR014	brca_cptac_2020		74		39.66666667	Female	White
X11BR015	X11BR015	brca_cptac_2020		28		60	Female	White
X11BR016	X11BR016	brca_cptac_2020		78		30.91666667	Female	White
X11BR017	X11BR017	brca_cptac_2020		50		74.75	Female	White
X11BR018	X11BR018	brca_cptac_2020		67		54.41666667	Female	White
X11BR019	X11BR019	brca_cptac_2020		87		61.25	Female	White
X11BR020	X11BR020	brca_cptac_2020		121		37.5	Female	White
X11BR022	X11BR022	brca_cptac_2020		48		48.66666667	Female	White
X11BR023	X11BR023	brca_cptac_2020		106		58.5	Female	White
X11BR024	X11BR024	brca_cptac_2020		79		80.75	Female	White
X11BR025	X11BR025	brca_cptac_2020		45		77.41666667	Female	White
X11BR027	X11BR027	brca_cptac_2020		114		76.16666667	Female	White
X11BR028	X11BR028	brca_cptac_2020		92		55.33333333	Female	White
X11BR030	X11BR030	brca_cptac_2020		88		50.75	Female	Asian
X11BR031	X11BR031	brca_cptac_2020		348		50	Female	Asian
X11BR032	X11BR032	brca_cptac_2020		18		49.75	Female	Asian
X11BR036	X11BR036	brca_cptac_2020		62		51.58333333	Female	Asian
X11BR038	X11BR038	brca_cptac_2020		42		47.41666667	Female	Asian
X11BR040	X11BR040	brca_cptac_2020		30		67.83333333	Female	Asian
X11BR042	X11BR042	brca_cptac_2020		27		71.41666667	Female	White
X11BR043	X11BR043	brca_cptac_2020		80		36.66666667	Female	White
X11BR044	X11BR044	brca_cptac_2020		48		48	Female	White
X11BR047	X11BR047	brca_cptac_2020		25		59.16666667	Female	Asian
X11BR049	X11BR049	brca_cptac_2020		72		45.83333333	Female	Asian
X11BR050	X11BR050	brca_cptac_2020		27		54	Female	Asian
X11BR051	X11BR051	brca_cptac_2020		37		65.41666667	Female	White
X11BR053	X11BR053	brca_cptac_2020		75		61.91666667	Female	White
X11BR054	X11BR054	brca_cptac_2020		22		84.41666667	Female	White
X11BR055	X11BR055	brca_cptac_2020		76		56.25	Female	White
X11BR056	X11BR056	brca_cptac_2020		37		52.83333333	Female	Asian
X11BR058	X11BR058	brca_cptac_2020		58		65.58333333	Female	Asian
X11BR059	X11BR059	brca_cptac_2020		67		45.91666667	Female	Asian
X11BR060	X11BR060	brca_cptac_2020		110		52.83333333	Female	Asian
X11BR072	X11BR072	brca_cptac_2020		41		70.66666667	Female	White
X11BR073	X11BR073	brca_cptac_2020		77		64.58333333	Female	White
X11BR074	X11BR074	brca_cptac_2020		19		66.16666667	Female	White
X11BR075	X11BR075	brca_cptac_2020		155		79.41666667	Female	White
X11BR080	X11BR080	brca_cptac_2020		67		68.33333333	Female	White
X13BR009	X13BR009	brca_cptac_2020		59		75	Female	White
X14BR005	X14BR005	brca_cptac_2020		31		78.33333333	Female	White
X14BR008	X14BR008	brca_cptac_2020		23		66.33333333	Female	White
X14BR014	X14BR014	brca_cptac_2020		20		59.16666667	Female	White
X15BR003	X15BR003	brca_cptac_2020		656		74.58333333	Female	White
X16BR012	X16BR012	brca_cptac_2020		164		47.5	Female	White
X18BR002	X18BR002	brca_cptac_2020		148		64.08333333	Female	White
X18BR003	X18BR003	brca_cptac_2020		1002		65.83333333	Female	White
X18BR004	X18BR004	brca_cptac_2020		28		76.75	Female	White
X18BR006	X18BR006	brca_cptac_2020		126		62.33333333	Female	White
X18BR007	X18BR007	brca_cptac_2020		96		64	Female	White
X18BR009	X18BR009	brca_cptac_2020		61		63.5	Female	White
X18BR010	X18BR010	brca_cptac_2020		24		41	Female	White
X18BR016	X18BR016	brca_cptac_2020		35		73.75	Female	White
X18BR017	X18BR017	brca_cptac_2020		77		72.66666667	Female	White
X18BR019	X18BR019	brca_cptac_2020		29		68.08333333	Female	White
X20BR001	X20BR001	brca_cptac_2020		33		82.16666667	Female	Black or African American
X20BR002	X20BR002	brca_cptac_2020		103		95.33333333	Female	White
X20BR005	X20BR005	brca_cptac_2020		123		47.33333333	Female	Black or African American
X20BR006	X20BR006	brca_cptac_2020		87		65.5	Female	White
X20BR007	X20BR007	brca_cptac_2020		121		55	Female	Black or African American
X20BR008	X20BR008	brca_cptac_2020		85		71.91666667	Female	Black or African American
X21BR001	X21BR001	brca_cptac_2020		262				White
X21BR002	X21BR002	brca_cptac_2020		48				White
X21BR010	X21BR010	brca_cptac_2020		24		71	Female	White
X22BR005	X22BR005	brca_cptac_2020		89		46	Female	White
X22BR006	X22BR006	brca_cptac_2020		20		55	Female	Black or African American
